ISO-10303-21;
HEADER;
/* Generated by software containing ST-Developer
 * from STEP Tools, Inc. (www.steptools.com) 
 */

FILE_DESCRIPTION(
/* description */ (''),
/* implementation_level */ '2;1');

FILE_NAME(
/* name */ 'RCR24SSA-6R.step',
/* time_stamp */ '2026-05-17T20:17:30-07:00',
/* author */ (''),
/* organization */ (''),
/* preprocessor_version */ 'ST-DEVELOPER v20.1',
/* originating_system */ 'Autodesk Translation Framework v15.8.0.0',
/* authorisation */ '');

FILE_SCHEMA (('AUTOMOTIVE_DESIGN { 1 0 10303 214 3 1 1 }'));
ENDSEC;

DATA;
#10=MECHANICAL_DESIGN_GEOMETRIC_PRESENTATION_REPRESENTATION('',(#13,#14,
#15,#16),#3998);
#11=SHAPE_REPRESENTATION_RELATIONSHIP('SRR','None',#4005,#12);
#12=ADVANCED_BREP_SHAPE_REPRESENTATION('',(#17,#18,#19,#20),#3997);
#13=STYLED_ITEM('',(#4014),#17);
#14=STYLED_ITEM('',(#4014),#18);
#15=STYLED_ITEM('',(#4014),#19);
#16=STYLED_ITEM('',(#4014),#20);
#17=MANIFOLD_SOLID_BREP('Body1',#2085);
#18=MANIFOLD_SOLID_BREP('Body3',#2086);
#19=MANIFOLD_SOLID_BREP('Body4',#2087);
#20=MANIFOLD_SOLID_BREP('Body5',#2088);
#21=SPHERICAL_SURFACE('',#2267,1.);
#22=ELLIPSE('',#2143,2.23606797749979,1.);
#23=ELLIPSE('',#2144,2.82842712474619,2.);
#24=ELLIPSE('',#2162,1.4142135623731,1.);
#25=ELLIPSE('',#2163,1.41421356237309,1.);
#26=ELLIPSE('',#2165,1.4142135623731,1.);
#27=ELLIPSE('',#2166,1.4142135623731,1.);
#28=FACE_BOUND('',#285,.T.);
#29=FACE_BOUND('',#301,.T.);
#30=FACE_BOUND('',#312,.T.);
#31=FACE_BOUND('',#315,.T.);
#32=FACE_BOUND('',#356,.T.);
#33=FACE_BOUND('',#357,.T.);
#34=FACE_BOUND('',#374,.T.);
#35=FACE_BOUND('',#378,.T.);
#36=FACE_BOUND('',#386,.T.);
#37=FACE_BOUND('',#401,.T.);
#38=PLANE('',#2122);
#39=PLANE('',#2130);
#40=PLANE('',#2151);
#41=PLANE('',#2169);
#42=PLANE('',#2170);
#43=PLANE('',#2171);
#44=PLANE('',#2177);
#45=PLANE('',#2204);
#46=PLANE('',#2207);
#47=PLANE('',#2210);
#48=PLANE('',#2259);
#49=PLANE('',#2262);
#50=PLANE('',#2265);
#51=PLANE('',#2266);
#52=PLANE('',#2301);
#53=PLANE('',#2304);
#54=PLANE('',#2305);
#55=PLANE('',#2306);
#56=PLANE('',#2307);
#57=PLANE('',#2308);
#58=PLANE('',#2309);
#59=PLANE('',#2310);
#60=PLANE('',#2311);
#61=PLANE('',#2312);
#62=PLANE('',#2319);
#63=PLANE('',#2321);
#64=PLANE('',#2322);
#65=PLANE('',#2323);
#66=PLANE('',#2324);
#67=PLANE('',#2325);
#68=PLANE('',#2326);
#69=PLANE('',#2327);
#70=PLANE('',#2328);
#71=PLANE('',#2332);
#72=PLANE('',#2336);
#73=PLANE('',#2341);
#74=PLANE('',#2344);
#75=PLANE('',#2345);
#76=PLANE('',#2346);
#77=PLANE('',#2347);
#78=PLANE('',#2348);
#79=PLANE('',#2349);
#80=PLANE('',#2350);
#81=PLANE('',#2351);
#82=TOROIDAL_SURFACE('',#2111,5.,1.);
#83=TOROIDAL_SURFACE('',#2118,5.,1.);
#84=TOROIDAL_SURFACE('',#2134,5.,1.);
#85=TOROIDAL_SURFACE('',#2145,3.,1.);
#86=TOROIDAL_SURFACE('',#2157,3.,1.);
#87=TOROIDAL_SURFACE('',#2172,9.85284014608262,1.);
#88=TOROIDAL_SURFACE('',#2180,3.,1.);
#89=TOROIDAL_SURFACE('',#2185,3.,1.);
#90=TOROIDAL_SURFACE('',#2190,3.,1.);
#91=TOROIDAL_SURFACE('',#2195,3.,1.);
#92=TOROIDAL_SURFACE('',#2198,3.,1.);
#93=TOROIDAL_SURFACE('',#2216,3.,1.);
#94=TOROIDAL_SURFACE('',#2222,3.,1.);
#95=TOROIDAL_SURFACE('',#2228,3.,1.);
#96=TOROIDAL_SURFACE('',#2234,3.,1.);
#97=TOROIDAL_SURFACE('',#2239,3.,1.);
#98=TOROIDAL_SURFACE('',#2244,3.,1.);
#99=TOROIDAL_SURFACE('',#2249,3.,1.);
#100=TOROIDAL_SURFACE('',#2254,3.,1.);
#101=TOROIDAL_SURFACE('',#2272,3.,1.);
#102=TOROIDAL_SURFACE('',#2278,3.,1.);
#103=TOROIDAL_SURFACE('',#2283,3.,1.);
#104=TOROIDAL_SURFACE('',#2289,3.,1.);
#105=TOROIDAL_SURFACE('',#2291,3.,1.);
#106=TOROIDAL_SURFACE('',#2295,3.,1.);
#107=TOROIDAL_SURFACE('',#2296,3.,1.);
#108=TOROIDAL_SURFACE('',#2314,4.9515,1.5);
#109=B_SPLINE_CURVE_WITH_KNOTS('',3,(#3041,#3042,#3043,#3044,#3045,#3046),
 .UNSPECIFIED.,.F.,.F.,(4,2,4),(-0.280392133771169,0.,0.000986528480172442),
 .UNSPECIFIED.);
#110=B_SPLINE_CURVE_WITH_KNOTS('',3,(#3047,#3048,#3049,#3050,#3051,#3052),
 .UNSPECIFIED.,.F.,.F.,(4,2,4),(-0.000986528480172442,0.,0.280392133771169),
 .UNSPECIFIED.);
#111=B_SPLINE_CURVE_WITH_KNOTS('',3,(#3072,#3073,#3074,#3075),
 .UNSPECIFIED.,.F.,.F.,(4,4),(-0.0563095069137931,-5.9324457455704E-16),
 .UNSPECIFIED.);
#112=B_SPLINE_CURVE_WITH_KNOTS('',3,(#3076,#3077,#3078,#3079),
 .UNSPECIFIED.,.F.,.F.,(4,4),(5.9324457455704E-16,0.0563095069137931),
 .UNSPECIFIED.);
#113=B_SPLINE_CURVE_WITH_KNOTS('',3,(#3103,#3104,#3105,#3106),
 .UNSPECIFIED.,.F.,.F.,(4,4),(-0.269251734963214,0.),.UNSPECIFIED.);
#114=B_SPLINE_CURVE_WITH_KNOTS('',3,(#3107,#3108,#3109,#3110),
 .UNSPECIFIED.,.F.,.F.,(4,4),(0.,0.269251734963214),.UNSPECIFIED.);
#115=B_SPLINE_CURVE_WITH_KNOTS('',3,(#3193,#3194,#3195,#3196,#3197,#3198,
#3199,#3200,#3201,#3202,#3203,#3204),.UNSPECIFIED.,.F.,.F.,(4,1,1,1,1,1,
1,2,4),(0.,0.10175312758654,0.203506255173081,0.305259382759621,0.356135946552891,
0.407012510346161,0.457889074139431,0.508765637932701,0.509752143023267),
 .UNSPECIFIED.);
#116=B_SPLINE_CURVE_WITH_KNOTS('',3,(#3205,#3206,#3207,#3208,#3209,#3210,
#3211,#3212,#3213,#3214,#3215,#3216),.UNSPECIFIED.,.F.,.F.,(4,2,1,1,1,1,
1,1,4),(-0.509752143023267,-0.508765637932701,-0.457889074139431,-0.407012510346161,
-0.356135946552891,-0.305259382759621,-0.203506255173081,-0.10175312758654,
0.),.UNSPECIFIED.);
#117=B_SPLINE_CURVE_WITH_KNOTS('',3,(#3237,#3238,#3239,#3240),
 .UNSPECIFIED.,.F.,.F.,(4,4),(-0.0174402976346742,0.),.UNSPECIFIED.);
#118=B_SPLINE_CURVE_WITH_KNOTS('',3,(#3241,#3242,#3243,#3244),
 .UNSPECIFIED.,.F.,.F.,(4,4),(0.,0.0174402976346742),.UNSPECIFIED.);
#119=B_SPLINE_CURVE_WITH_KNOTS('',3,(#3301,#3302,#3303,#3304,#3305,#3306),
 .UNSPECIFIED.,.F.,.F.,(4,2,4),(-0.280392156656769,0.,0.000986505090410726),
 .UNSPECIFIED.);
#120=B_SPLINE_CURVE_WITH_KNOTS('',3,(#3307,#3308,#3309,#3310,#3311,#3312),
 .UNSPECIFIED.,.F.,.F.,(4,2,4),(-0.000986505090410726,0.,0.280392156656769),
 .UNSPECIFIED.);
#121=B_SPLINE_CURVE_WITH_KNOTS('',3,(#3332,#3333,#3334,#3335),
 .UNSPECIFIED.,.F.,.F.,(4,4),(-0.0563095069138078,0.),.UNSPECIFIED.);
#122=B_SPLINE_CURVE_WITH_KNOTS('',3,(#3336,#3337,#3338,#3339),
 .UNSPECIFIED.,.F.,.F.,(4,4),(0.,0.0563095069138078),.UNSPECIFIED.);
#123=B_SPLINE_CURVE_WITH_KNOTS('',3,(#3363,#3364,#3365,#3366),
 .UNSPECIFIED.,.F.,.F.,(4,4),(-0.269251734963199,-2.88919399256841E-16),
 .UNSPECIFIED.);
#124=B_SPLINE_CURVE_WITH_KNOTS('',3,(#3367,#3368,#3369,#3370),
 .UNSPECIFIED.,.F.,.F.,(4,4),(2.88919399256841E-16,0.269251734963199),
 .UNSPECIFIED.);
#125=B_SPLINE_CURVE_WITH_KNOTS('',3,(#3406,#3407,#3408,#3409),
 .UNSPECIFIED.,.F.,.F.,(4,4),(-0.0174402976346838,0.),.UNSPECIFIED.);
#126=B_SPLINE_CURVE_WITH_KNOTS('',3,(#3410,#3411,#3412,#3413),
 .UNSPECIFIED.,.F.,.F.,(4,4),(0.,0.0174402976346838),.UNSPECIFIED.);
#127=B_SPLINE_CURVE_WITH_KNOTS('',3,(#3438,#3439,#3440,#3441),
 .UNSPECIFIED.,.F.,.F.,(4,4),(-0.0285952645995955,0.),.UNSPECIFIED.);
#128=B_SPLINE_CURVE_WITH_KNOTS('',3,(#3444,#3445,#3446,#3447),
 .UNSPECIFIED.,.F.,.F.,(4,4),(0.,0.0285952645995955),.UNSPECIFIED.);
#129=B_SPLINE_CURVE_WITH_KNOTS('',3,(#3489,#3490,#3491,#3492,#3493,#3494,
#3495,#3496),.UNSPECIFIED.,.F.,.F.,(4,1,1,2,4),(-0.321014732044734,-0.19260883922684,
-0.128405892817893,0.,0.000948689992423002),.UNSPECIFIED.);
#130=B_SPLINE_CURVE_WITH_KNOTS('',3,(#3497,#3498,#3499,#3500,#3501,#3502,
#3503,#3504),.UNSPECIFIED.,.F.,.F.,(4,2,1,1,4),(-0.000948689992423002,0.,
0.128405892817893,0.19260883922684,0.321014732044734),.UNSPECIFIED.);
#131=B_SPLINE_SURFACE_WITH_KNOTS('',3,3,((#3013,#3014,#3015,#3016,#3017,
#3018),(#3019,#3020,#3021,#3022,#3023,#3024),(#3025,#3026,#3027,#3028,#3029,
#3030),(#3031,#3032,#3033,#3034,#3035,#3036)),.UNSPECIFIED.,.F.,.F.,.F.,
(4,4),(4,2,4),(0.,1.),(-0.000986528480172442,0.,0.280392133771169),
 .UNSPECIFIED.);
#132=B_SPLINE_SURFACE_WITH_KNOTS('',3,3,((#3053,#3054,#3055,#3056),(#3057,
#3058,#3059,#3060),(#3061,#3062,#3063,#3064),(#3065,#3066,#3067,#3068)),
 .UNSPECIFIED.,.F.,.F.,.F.,(4,4),(4,4),(0.,1.),(5.9324457455704E-16,0.0563095069137931),
 .UNSPECIFIED.);
#133=B_SPLINE_SURFACE_WITH_KNOTS('',3,3,((#3080,#3081,#3082,#3083),(#3084,
#3085,#3086,#3087),(#3088,#3089,#3090,#3091),(#3092,#3093,#3094,#3095),
(#3096,#3097,#3098,#3099)),.UNSPECIFIED.,.F.,.F.,.F.,(4,1,4),(4,4),(0.,
0.571428571428571,1.),(0.,0.269251734963214),.UNSPECIFIED.);
#134=B_SPLINE_SURFACE_WITH_KNOTS('',3,3,((#3132,#3133,#3134,#3135,#3136,
#3137,#3138,#3139,#3140,#3141,#3142,#3143),(#3144,#3145,#3146,#3147,#3148,
#3149,#3150,#3151,#3152,#3153,#3154,#3155),(#3156,#3157,#3158,#3159,#3160,
#3161,#3162,#3163,#3164,#3165,#3166,#3167),(#3168,#3169,#3170,#3171,#3172,
#3173,#3174,#3175,#3176,#3177,#3178,#3179),(#3180,#3181,#3182,#3183,#3184,
#3185,#3186,#3187,#3188,#3189,#3190,#3191)),.UNSPECIFIED.,.F.,.F.,.F.,(4,
1,4),(4,1,1,1,1,1,1,2,4),(0.,0.571428571428571,1.),(0.,0.10175312758654,
0.203506255173081,0.305259382759621,0.356135946552891,0.407012510346161,
0.457889074139431,0.508765637932701,0.509752143023267),.UNSPECIFIED.);
#135=B_SPLINE_SURFACE_WITH_KNOTS('',3,3,((#3217,#3218,#3219,#3220),(#3221,
#3222,#3223,#3224),(#3225,#3226,#3227,#3228),(#3229,#3230,#3231,#3232),
(#3233,#3234,#3235,#3236)),.UNSPECIFIED.,.F.,.F.,.F.,(4,1,4),(4,4),(0.,
0.571428571428571,1.),(0.,0.0174402976346742),.UNSPECIFIED.);
#136=B_SPLINE_SURFACE_WITH_KNOTS('',3,3,((#3273,#3274,#3275,#3276,#3277,
#3278),(#3279,#3280,#3281,#3282,#3283,#3284),(#3285,#3286,#3287,#3288,#3289,
#3290),(#3291,#3292,#3293,#3294,#3295,#3296)),.UNSPECIFIED.,.F.,.F.,.F.,
(4,4),(4,2,4),(0.,1.),(-0.000986505090410726,0.,0.280392156656769),
 .UNSPECIFIED.);
#137=B_SPLINE_SURFACE_WITH_KNOTS('',3,3,((#3313,#3314,#3315,#3316),(#3317,
#3318,#3319,#3320),(#3321,#3322,#3323,#3324),(#3325,#3326,#3327,#3328)),
 .UNSPECIFIED.,.F.,.F.,.F.,(4,4),(4,4),(0.,1.),(0.,0.0563095069138078),
 .UNSPECIFIED.);
#138=B_SPLINE_SURFACE_WITH_KNOTS('',3,3,((#3340,#3341,#3342,#3343),(#3344,
#3345,#3346,#3347),(#3348,#3349,#3350,#3351),(#3352,#3353,#3354,#3355),
(#3356,#3357,#3358,#3359)),.UNSPECIFIED.,.F.,.F.,.F.,(4,1,4),(4,4),(0.,
0.571428571428571,1.),(2.88919399256841E-16,0.269251734963199),
 .UNSPECIFIED.);
#139=B_SPLINE_SURFACE_WITH_KNOTS('',3,3,((#3386,#3387,#3388,#3389),(#3390,
#3391,#3392,#3393),(#3394,#3395,#3396,#3397),(#3398,#3399,#3400,#3401),
(#3402,#3403,#3404,#3405)),.UNSPECIFIED.,.F.,.F.,.F.,(4,1,4),(4,4),(0.,
0.571428571428571,1.),(0.,0.0174402976346838),.UNSPECIFIED.);
#140=B_SPLINE_SURFACE_WITH_KNOTS('',3,3,((#3414,#3415,#3416,#3417),(#3418,
#3419,#3420,#3421),(#3422,#3423,#3424,#3425),(#3426,#3427,#3428,#3429),
(#3430,#3431,#3432,#3433)),.UNSPECIFIED.,.F.,.F.,.F.,(4,1,4),(4,4),(0.,
0.5,1.),(0.,0.0285952645995955),.UNSPECIFIED.);
#141=B_SPLINE_SURFACE_WITH_KNOTS('',3,3,((#3448,#3449,#3450,#3451,#3452,
#3453,#3454,#3455),(#3456,#3457,#3458,#3459,#3460,#3461,#3462,#3463),(#3464,
#3465,#3466,#3467,#3468,#3469,#3470,#3471),(#3472,#3473,#3474,#3475,#3476,
#3477,#3478,#3479),(#3480,#3481,#3482,#3483,#3484,#3485,#3486,#3487)),
 .UNSPECIFIED.,.F.,.F.,.F.,(4,1,4),(4,1,1,2,4),(0.,0.5,1.),(-0.321014732044734,
-0.19260883922684,-0.128405892817893,0.,0.000948689992423002),
 .UNSPECIFIED.);
#142=B_SPLINE_SURFACE_WITH_KNOTS('',3,3,((#3505,#3506,#3507,#3508),(#3509,
#3510,#3511,#3512),(#3513,#3514,#3515,#3516),(#3517,#3518,#3519,#3520),
(#3521,#3522,#3523,#3524)),.UNSPECIFIED.,.F.,.F.,.F.,(4,1,4),(4,4),(0.,
0.571428571428571,1.),(-1.5707963267949,-1.18242703187988),
 .UNSPECIFIED.);
#143=FACE_OUTER_BOUND('',#274,.T.);
#144=FACE_OUTER_BOUND('',#275,.T.);
#145=FACE_OUTER_BOUND('',#276,.T.);
#146=FACE_OUTER_BOUND('',#277,.T.);
#147=FACE_OUTER_BOUND('',#278,.T.);
#148=FACE_OUTER_BOUND('',#279,.T.);
#149=FACE_OUTER_BOUND('',#280,.T.);
#150=FACE_OUTER_BOUND('',#281,.T.);
#151=FACE_OUTER_BOUND('',#282,.T.);
#152=FACE_OUTER_BOUND('',#283,.T.);
#153=FACE_OUTER_BOUND('',#284,.T.);
#154=FACE_OUTER_BOUND('',#286,.T.);
#155=FACE_OUTER_BOUND('',#287,.T.);
#156=FACE_OUTER_BOUND('',#288,.T.);
#157=FACE_OUTER_BOUND('',#289,.T.);
#158=FACE_OUTER_BOUND('',#290,.T.);
#159=FACE_OUTER_BOUND('',#291,.T.);
#160=FACE_OUTER_BOUND('',#292,.T.);
#161=FACE_OUTER_BOUND('',#293,.T.);
#162=FACE_OUTER_BOUND('',#294,.T.);
#163=FACE_OUTER_BOUND('',#295,.T.);
#164=FACE_OUTER_BOUND('',#296,.T.);
#165=FACE_OUTER_BOUND('',#297,.T.);
#166=FACE_OUTER_BOUND('',#298,.T.);
#167=FACE_OUTER_BOUND('',#299,.T.);
#168=FACE_OUTER_BOUND('',#300,.T.);
#169=FACE_OUTER_BOUND('',#302,.T.);
#170=FACE_OUTER_BOUND('',#303,.T.);
#171=FACE_OUTER_BOUND('',#304,.T.);
#172=FACE_OUTER_BOUND('',#305,.T.);
#173=FACE_OUTER_BOUND('',#306,.T.);
#174=FACE_OUTER_BOUND('',#307,.T.);
#175=FACE_OUTER_BOUND('',#308,.T.);
#176=FACE_OUTER_BOUND('',#309,.T.);
#177=FACE_OUTER_BOUND('',#310,.T.);
#178=FACE_OUTER_BOUND('',#311,.T.);
#179=FACE_OUTER_BOUND('',#313,.T.);
#180=FACE_OUTER_BOUND('',#314,.T.);
#181=FACE_OUTER_BOUND('',#316,.T.);
#182=FACE_OUTER_BOUND('',#317,.T.);
#183=FACE_OUTER_BOUND('',#318,.T.);
#184=FACE_OUTER_BOUND('',#319,.T.);
#185=FACE_OUTER_BOUND('',#320,.T.);
#186=FACE_OUTER_BOUND('',#321,.T.);
#187=FACE_OUTER_BOUND('',#322,.T.);
#188=FACE_OUTER_BOUND('',#323,.T.);
#189=FACE_OUTER_BOUND('',#324,.T.);
#190=FACE_OUTER_BOUND('',#325,.T.);
#191=FACE_OUTER_BOUND('',#326,.T.);
#192=FACE_OUTER_BOUND('',#327,.T.);
#193=FACE_OUTER_BOUND('',#328,.T.);
#194=FACE_OUTER_BOUND('',#329,.T.);
#195=FACE_OUTER_BOUND('',#330,.T.);
#196=FACE_OUTER_BOUND('',#331,.T.);
#197=FACE_OUTER_BOUND('',#332,.T.);
#198=FACE_OUTER_BOUND('',#333,.T.);
#199=FACE_OUTER_BOUND('',#334,.T.);
#200=FACE_OUTER_BOUND('',#335,.T.);
#201=FACE_OUTER_BOUND('',#336,.T.);
#202=FACE_OUTER_BOUND('',#337,.T.);
#203=FACE_OUTER_BOUND('',#338,.T.);
#204=FACE_OUTER_BOUND('',#339,.T.);
#205=FACE_OUTER_BOUND('',#340,.T.);
#206=FACE_OUTER_BOUND('',#341,.T.);
#207=FACE_OUTER_BOUND('',#342,.T.);
#208=FACE_OUTER_BOUND('',#343,.T.);
#209=FACE_OUTER_BOUND('',#344,.T.);
#210=FACE_OUTER_BOUND('',#345,.T.);
#211=FACE_OUTER_BOUND('',#346,.T.);
#212=FACE_OUTER_BOUND('',#347,.T.);
#213=FACE_OUTER_BOUND('',#348,.T.);
#214=FACE_OUTER_BOUND('',#349,.T.);
#215=FACE_OUTER_BOUND('',#350,.T.);
#216=FACE_OUTER_BOUND('',#351,.T.);
#217=FACE_OUTER_BOUND('',#352,.T.);
#218=FACE_OUTER_BOUND('',#353,.T.);
#219=FACE_OUTER_BOUND('',#354,.T.);
#220=FACE_OUTER_BOUND('',#355,.T.);
#221=FACE_OUTER_BOUND('',#358,.T.);
#222=FACE_OUTER_BOUND('',#359,.T.);
#223=FACE_OUTER_BOUND('',#360,.T.);
#224=FACE_OUTER_BOUND('',#361,.T.);
#225=FACE_OUTER_BOUND('',#362,.T.);
#226=FACE_OUTER_BOUND('',#363,.T.);
#227=FACE_OUTER_BOUND('',#364,.T.);
#228=FACE_OUTER_BOUND('',#365,.T.);
#229=FACE_OUTER_BOUND('',#366,.T.);
#230=FACE_OUTER_BOUND('',#367,.T.);
#231=FACE_OUTER_BOUND('',#368,.T.);
#232=FACE_OUTER_BOUND('',#369,.T.);
#233=FACE_OUTER_BOUND('',#370,.T.);
#234=FACE_OUTER_BOUND('',#371,.T.);
#235=FACE_OUTER_BOUND('',#372,.T.);
#236=FACE_OUTER_BOUND('',#373,.T.);
#237=FACE_OUTER_BOUND('',#375,.T.);
#238=FACE_OUTER_BOUND('',#376,.T.);
#239=FACE_OUTER_BOUND('',#377,.T.);
#240=FACE_OUTER_BOUND('',#379,.T.);
#241=FACE_OUTER_BOUND('',#380,.T.);
#242=FACE_OUTER_BOUND('',#381,.T.);
#243=FACE_OUTER_BOUND('',#382,.T.);
#244=FACE_OUTER_BOUND('',#383,.T.);
#245=FACE_OUTER_BOUND('',#384,.T.);
#246=FACE_OUTER_BOUND('',#385,.T.);
#247=FACE_OUTER_BOUND('',#387,.T.);
#248=FACE_OUTER_BOUND('',#388,.T.);
#249=FACE_OUTER_BOUND('',#389,.T.);
#250=FACE_OUTER_BOUND('',#390,.T.);
#251=FACE_OUTER_BOUND('',#391,.T.);
#252=FACE_OUTER_BOUND('',#392,.T.);
#253=FACE_OUTER_BOUND('',#393,.T.);
#254=FACE_OUTER_BOUND('',#394,.T.);
#255=FACE_OUTER_BOUND('',#395,.T.);
#256=FACE_OUTER_BOUND('',#396,.T.);
#257=FACE_OUTER_BOUND('',#397,.T.);
#258=FACE_OUTER_BOUND('',#398,.T.);
#259=FACE_OUTER_BOUND('',#399,.T.);
#260=FACE_OUTER_BOUND('',#400,.T.);
#261=FACE_OUTER_BOUND('',#402,.T.);
#262=FACE_OUTER_BOUND('',#403,.T.);
#263=FACE_OUTER_BOUND('',#404,.T.);
#264=FACE_OUTER_BOUND('',#405,.T.);
#265=FACE_OUTER_BOUND('',#406,.T.);
#266=FACE_OUTER_BOUND('',#407,.T.);
#267=FACE_OUTER_BOUND('',#408,.T.);
#268=FACE_OUTER_BOUND('',#409,.T.);
#269=FACE_OUTER_BOUND('',#410,.T.);
#270=FACE_OUTER_BOUND('',#411,.T.);
#271=FACE_OUTER_BOUND('',#412,.T.);
#272=FACE_OUTER_BOUND('',#413,.T.);
#273=FACE_OUTER_BOUND('',#414,.T.);
#274=EDGE_LOOP('',(#1309,#1310,#1311,#1312));
#275=EDGE_LOOP('',(#1313,#1314,#1315,#1316));
#276=EDGE_LOOP('',(#1317,#1318,#1319));
#277=EDGE_LOOP('',(#1320,#1321,#1322,#1323));
#278=EDGE_LOOP('',(#1324,#1325,#1326,#1327));
#279=EDGE_LOOP('',(#1328,#1329,#1330,#1331));
#280=EDGE_LOOP('',(#1332,#1333,#1334,#1335));
#281=EDGE_LOOP('',(#1336,#1337,#1338,#1339));
#282=EDGE_LOOP('',(#1340,#1341,#1342));
#283=EDGE_LOOP('',(#1343,#1344,#1345,#1346));
#284=EDGE_LOOP('',(#1347,#1348,#1349,#1350,#1351,#1352,#1353,#1354,#1355,
#1356));
#285=EDGE_LOOP('',(#1357));
#286=EDGE_LOOP('',(#1358,#1359,#1360,#1361));
#287=EDGE_LOOP('',(#1362,#1363,#1364,#1365,#1366));
#288=EDGE_LOOP('',(#1367,#1368,#1369,#1370));
#289=EDGE_LOOP('',(#1371,#1372,#1373));
#290=EDGE_LOOP('',(#1374,#1375,#1376,#1377));
#291=EDGE_LOOP('',(#1378,#1379,#1380,#1381));
#292=EDGE_LOOP('',(#1382,#1383,#1384,#1385));
#293=EDGE_LOOP('',(#1386,#1387,#1388,#1389));
#294=EDGE_LOOP('',(#1390,#1391,#1392,#1393));
#295=EDGE_LOOP('',(#1394,#1395,#1396,#1397));
#296=EDGE_LOOP('',(#1398,#1399,#1400));
#297=EDGE_LOOP('',(#1401,#1402,#1403,#1404));
#298=EDGE_LOOP('',(#1405,#1406,#1407,#1408));
#299=EDGE_LOOP('',(#1409,#1410,#1411,#1412,#1413));
#300=EDGE_LOOP('',(#1414,#1415,#1416,#1417,#1418,#1419,#1420));
#301=EDGE_LOOP('',(#1421));
#302=EDGE_LOOP('',(#1422,#1423,#1424,#1425,#1426));
#303=EDGE_LOOP('',(#1427,#1428,#1429,#1430));
#304=EDGE_LOOP('',(#1431,#1432,#1433,#1434));
#305=EDGE_LOOP('',(#1435,#1436,#1437,#1438));
#306=EDGE_LOOP('',(#1439,#1440,#1441,#1442));
#307=EDGE_LOOP('',(#1443,#1444,#1445,#1446));
#308=EDGE_LOOP('',(#1447,#1448,#1449,#1450));
#309=EDGE_LOOP('',(#1451,#1452,#1453,#1454));
#310=EDGE_LOOP('',(#1455,#1456,#1457,#1458));
#311=EDGE_LOOP('',(#1459,#1460,#1461,#1462,#1463,#1464));
#312=EDGE_LOOP('',(#1465,#1466,#1467,#1468));
#313=EDGE_LOOP('',(#1469,#1470,#1471,#1472,#1473));
#314=EDGE_LOOP('',(#1474,#1475,#1476,#1477,#1478,#1479,#1480,#1481));
#315=EDGE_LOOP('',(#1482));
#316=EDGE_LOOP('',(#1483,#1484,#1485,#1486,#1487));
#317=EDGE_LOOP('',(#1488,#1489,#1490,#1491));
#318=EDGE_LOOP('',(#1492,#1493,#1494,#1495));
#319=EDGE_LOOP('',(#1496,#1497,#1498,#1499));
#320=EDGE_LOOP('',(#1500,#1501,#1502,#1503));
#321=EDGE_LOOP('',(#1504,#1505,#1506,#1507));
#322=EDGE_LOOP('',(#1508,#1509,#1510,#1511,#1512));
#323=EDGE_LOOP('',(#1513,#1514,#1515,#1516));
#324=EDGE_LOOP('',(#1517,#1518,#1519,#1520));
#325=EDGE_LOOP('',(#1521,#1522,#1523));
#326=EDGE_LOOP('',(#1524,#1525,#1526,#1527,#1528));
#327=EDGE_LOOP('',(#1529,#1530,#1531,#1532));
#328=EDGE_LOOP('',(#1533,#1534,#1535,#1536));
#329=EDGE_LOOP('',(#1537,#1538,#1539,#1540));
#330=EDGE_LOOP('',(#1541,#1542,#1543,#1544));
#331=EDGE_LOOP('',(#1545,#1546,#1547,#1548));
#332=EDGE_LOOP('',(#1549,#1550,#1551,#1552));
#333=EDGE_LOOP('',(#1553,#1554,#1555,#1556));
#334=EDGE_LOOP('',(#1557,#1558,#1559,#1560));
#335=EDGE_LOOP('',(#1561,#1562,#1563,#1564));
#336=EDGE_LOOP('',(#1565,#1566,#1567,#1568));
#337=EDGE_LOOP('',(#1569,#1570,#1571,#1572));
#338=EDGE_LOOP('',(#1573,#1574,#1575,#1576));
#339=EDGE_LOOP('',(#1577,#1578,#1579,#1580));
#340=EDGE_LOOP('',(#1581,#1582,#1583,#1584));
#341=EDGE_LOOP('',(#1585,#1586,#1587,#1588));
#342=EDGE_LOOP('',(#1589,#1590,#1591,#1592));
#343=EDGE_LOOP('',(#1593,#1594,#1595,#1596));
#344=EDGE_LOOP('',(#1597,#1598,#1599,#1600));
#345=EDGE_LOOP('',(#1601,#1602,#1603,#1604));
#346=EDGE_LOOP('',(#1605,#1606,#1607,#1608));
#347=EDGE_LOOP('',(#1609,#1610,#1611,#1612));
#348=EDGE_LOOP('',(#1613,#1614,#1615,#1616));
#349=EDGE_LOOP('',(#1617,#1618,#1619,#1620,#1621,#1622));
#350=EDGE_LOOP('',(#1623,#1624,#1625,#1626));
#351=EDGE_LOOP('',(#1627,#1628,#1629,#1630));
#352=EDGE_LOOP('',(#1631,#1632,#1633,#1634));
#353=EDGE_LOOP('',(#1635,#1636,#1637,#1638));
#354=EDGE_LOOP('',(#1639,#1640,#1641,#1642));
#355=EDGE_LOOP('',(#1643,#1644,#1645,#1646,#1647,#1648,#1649,#1650,#1651,
#1652,#1653,#1654,#1655,#1656,#1657,#1658));
#356=EDGE_LOOP('',(#1659));
#357=EDGE_LOOP('',(#1660));
#358=EDGE_LOOP('',(#1661,#1662,#1663));
#359=EDGE_LOOP('',(#1664,#1665,#1666,#1667));
#360=EDGE_LOOP('',(#1668,#1669,#1670,#1671));
#361=EDGE_LOOP('',(#1672,#1673,#1674,#1675));
#362=EDGE_LOOP('',(#1676,#1677,#1678,#1679));
#363=EDGE_LOOP('',(#1680,#1681,#1682,#1683));
#364=EDGE_LOOP('',(#1684,#1685,#1686,#1687));
#365=EDGE_LOOP('',(#1688,#1689,#1690,#1691));
#366=EDGE_LOOP('',(#1692,#1693,#1694,#1695));
#367=EDGE_LOOP('',(#1696,#1697,#1698,#1699));
#368=EDGE_LOOP('',(#1700,#1701,#1702,#1703));
#369=EDGE_LOOP('',(#1704,#1705,#1706,#1707));
#370=EDGE_LOOP('',(#1708,#1709,#1710,#1711));
#371=EDGE_LOOP('',(#1712,#1713,#1714));
#372=EDGE_LOOP('',(#1715,#1716,#1717,#1718,#1719));
#373=EDGE_LOOP('',(#1720,#1721,#1722,#1723,#1724,#1725,#1726,#1727));
#374=EDGE_LOOP('',(#1728,#1729,#1730,#1731));
#375=EDGE_LOOP('',(#1732,#1733,#1734,#1735,#1736,#1737,#1738,#1739));
#376=EDGE_LOOP('',(#1740,#1741,#1742,#1743,#1744,#1745,#1746,#1747));
#377=EDGE_LOOP('',(#1748,#1749,#1750,#1751));
#378=EDGE_LOOP('',(#1752));
#379=EDGE_LOOP('',(#1753,#1754,#1755,#1756));
#380=EDGE_LOOP('',(#1757,#1758,#1759,#1760));
#381=EDGE_LOOP('',(#1761,#1762,#1763,#1764));
#382=EDGE_LOOP('',(#1765,#1766,#1767,#1768));
#383=EDGE_LOOP('',(#1769,#1770,#1771,#1772,#1773,#1774));
#384=EDGE_LOOP('',(#1775,#1776,#1777,#1778));
#385=EDGE_LOOP('',(#1779,#1780,#1781,#1782));
#386=EDGE_LOOP('',(#1783,#1784,#1785,#1786));
#387=EDGE_LOOP('',(#1787));
#388=EDGE_LOOP('',(#1788,#1789,#1790,#1791,#1792));
#389=EDGE_LOOP('',(#1793));
#390=EDGE_LOOP('',(#1794,#1795,#1796,#1797,#1798));
#391=EDGE_LOOP('',(#1799,#1800,#1801,#1802));
#392=EDGE_LOOP('',(#1803,#1804,#1805,#1806));
#393=EDGE_LOOP('',(#1807,#1808,#1809,#1810));
#394=EDGE_LOOP('',(#1811,#1812,#1813,#1814,#1815,#1816));
#395=EDGE_LOOP('',(#1817,#1818,#1819,#1820));
#396=EDGE_LOOP('',(#1821,#1822,#1823,#1824,#1825,#1826));
#397=EDGE_LOOP('',(#1827,#1828,#1829,#1830));
#398=EDGE_LOOP('',(#1831,#1832,#1833,#1834));
#399=EDGE_LOOP('',(#1835,#1836,#1837,#1838));
#400=EDGE_LOOP('',(#1839,#1840,#1841,#1842,#1843,#1844,#1845,#1846));
#401=EDGE_LOOP('',(#1847,#1848,#1849,#1850));
#402=EDGE_LOOP('',(#1851,#1852,#1853,#1854));
#403=EDGE_LOOP('',(#1855,#1856,#1857,#1858));
#404=EDGE_LOOP('',(#1859,#1860,#1861,#1862));
#405=EDGE_LOOP('',(#1863,#1864,#1865,#1866));
#406=EDGE_LOOP('',(#1867,#1868,#1869,#1870));
#407=EDGE_LOOP('',(#1871,#1872,#1873,#1874));
#408=EDGE_LOOP('',(#1875,#1876,#1877,#1878));
#409=EDGE_LOOP('',(#1879,#1880,#1881,#1882));
#410=EDGE_LOOP('',(#1883,#1884,#1885,#1886));
#411=EDGE_LOOP('',(#1887,#1888,#1889,#1890));
#412=EDGE_LOOP('',(#1891,#1892,#1893,#1894));
#413=EDGE_LOOP('',(#1895,#1896,#1897,#1898,#1899,#1900,#1901,#1902));
#414=EDGE_LOOP('',(#1903,#1904,#1905,#1906));
#415=LINE('',#3005,#561);
#416=LINE('',#3011,#562);
#417=LINE('',#3124,#563);
#418=LINE('',#3125,#564);
#419=LINE('',#3247,#565);
#420=LINE('',#3251,#566);
#421=LINE('',#3255,#567);
#422=LINE('',#3258,#568);
#423=LINE('',#3261,#569);
#424=LINE('',#3265,#570);
#425=LINE('',#3268,#571);
#426=LINE('',#3271,#572);
#427=LINE('',#3272,#573);
#428=LINE('',#3384,#574);
#429=LINE('',#3385,#575);
#430=LINE('',#3535,#576);
#431=LINE('',#3538,#577);
#432=LINE('',#3541,#578);
#433=LINE('',#3545,#579);
#434=LINE('',#3551,#580);
#435=LINE('',#3557,#581);
#436=LINE('',#3560,#582);
#437=LINE('',#3564,#583);
#438=LINE('',#3568,#584);
#439=LINE('',#3573,#585);
#440=LINE('',#3577,#586);
#441=LINE('',#3580,#587);
#442=LINE('',#3581,#588);
#443=LINE('',#3583,#589);
#444=LINE('',#3584,#590);
#445=LINE('',#3587,#591);
#446=LINE('',#3589,#592);
#447=LINE('',#3590,#593);
#448=LINE('',#3593,#594);
#449=LINE('',#3594,#595);
#450=LINE('',#3597,#596);
#451=LINE('',#3599,#597);
#452=LINE('',#3601,#598);
#453=LINE('',#3603,#599);
#454=LINE('',#3605,#600);
#455=LINE('',#3606,#601);
#456=LINE('',#3617,#602);
#457=LINE('',#3618,#603);
#458=LINE('',#3620,#604);
#459=LINE('',#3622,#605);
#460=LINE('',#3624,#606);
#461=LINE('',#3625,#607);
#462=LINE('',#3628,#608);
#463=LINE('',#3637,#609);
#464=LINE('',#3645,#610);
#465=LINE('',#3652,#611);
#466=LINE('',#3664,#612);
#467=LINE('',#3668,#613);
#468=LINE('',#3669,#614);
#469=LINE('',#3672,#615);
#470=LINE('',#3676,#616);
#471=LINE('',#3677,#617);
#472=LINE('',#3680,#618);
#473=LINE('',#3684,#619);
#474=LINE('',#3685,#620);
#475=LINE('',#3693,#621);
#476=LINE('',#3696,#622);
#477=LINE('',#3707,#623);
#478=LINE('',#3708,#624);
#479=LINE('',#3719,#625);
#480=LINE('',#3720,#626);
#481=LINE('',#3729,#627);
#482=LINE('',#3737,#628);
#483=LINE('',#3745,#629);
#484=LINE('',#3753,#630);
#485=LINE('',#3761,#631);
#486=LINE('',#3766,#632);
#487=LINE('',#3769,#633);
#488=LINE('',#3772,#634);
#489=LINE('',#3776,#635);
#490=LINE('',#3777,#636);
#491=LINE('',#3779,#637);
#492=LINE('',#3782,#638);
#493=LINE('',#3792,#639);
#494=LINE('',#3793,#640);
#495=LINE('',#3802,#641);
#496=LINE('',#3810,#642);
#497=LINE('',#3819,#643);
#498=LINE('',#3835,#644);
#499=LINE('',#3837,#645);
#500=LINE('',#3839,#646);
#501=LINE('',#3840,#647);
#502=LINE('',#3843,#648);
#503=LINE('',#3846,#649);
#504=LINE('',#3848,#650);
#505=LINE('',#3849,#651);
#506=LINE('',#3852,#652);
#507=LINE('',#3853,#653);
#508=LINE('',#3856,#654);
#509=LINE('',#3857,#655);
#510=LINE('',#3860,#656);
#511=LINE('',#3861,#657);
#512=LINE('',#3863,#658);
#513=LINE('',#3866,#659);
#514=LINE('',#3881,#660);
#515=LINE('',#3885,#661);
#516=LINE('',#3887,#662);
#517=LINE('',#3889,#663);
#518=LINE('',#3890,#664);
#519=LINE('',#3893,#665);
#520=LINE('',#3895,#666);
#521=LINE('',#3896,#667);
#522=LINE('',#3900,#668);
#523=LINE('',#3901,#669);
#524=LINE('',#3902,#670);
#525=LINE('',#3906,#671);
#526=LINE('',#3907,#672);
#527=LINE('',#3908,#673);
#528=LINE('',#3911,#674);
#529=LINE('',#3912,#675);
#530=LINE('',#3915,#676);
#531=LINE('',#3916,#677);
#532=LINE('',#3918,#678);
#533=LINE('',#3925,#679);
#534=LINE('',#3928,#680);
#535=LINE('',#3931,#681);
#536=LINE('',#3935,#682);
#537=LINE('',#3939,#683);
#538=LINE('',#3942,#684);
#539=LINE('',#3945,#685);
#540=LINE('',#3947,#686);
#541=LINE('',#3949,#687);
#542=LINE('',#3950,#688);
#543=LINE('',#3953,#689);
#544=LINE('',#3954,#690);
#545=LINE('',#3958,#691);
#546=LINE('',#3963,#692);
#547=LINE('',#3964,#693);
#548=LINE('',#3967,#694);
#549=LINE('',#3968,#695);
#550=LINE('',#3972,#696);
#551=LINE('',#3975,#697);
#552=LINE('',#3977,#698);
#553=LINE('',#3978,#699);
#554=LINE('',#3981,#700);
#555=LINE('',#3982,#701);
#556=LINE('',#3984,#702);
#557=LINE('',#3987,#703);
#558=LINE('',#3988,#704);
#559=LINE('',#3990,#705);
#560=LINE('',#3993,#706);
#561=VECTOR('',#2358,2.5000000372529);
#562=VECTOR('',#2365,2.5000000372529);
#563=VECTOR('',#2388,10.);
#564=VECTOR('',#2389,10.);
#565=VECTOR('',#2400,10.);
#566=VECTOR('',#2403,10.);
#567=VECTOR('',#2406,10.);
#568=VECTOR('',#2409,10.);
#569=VECTOR('',#2412,10.);
#570=VECTOR('',#2417,10.);
#571=VECTOR('',#2420,10.);
#572=VECTOR('',#2423,10.);
#573=VECTOR('',#2424,10.);
#574=VECTOR('',#2445,10.);
#575=VECTOR('',#2446,10.);
#576=VECTOR('',#2465,10.);
#577=VECTOR('',#2468,10.);
#578=VECTOR('',#2471,10.);
#579=VECTOR('',#2474,10.);
#580=VECTOR('',#2481,10.);
#581=VECTOR('',#2490,10.);
#582=VECTOR('',#2493,10.);
#583=VECTOR('',#2496,10.);
#584=VECTOR('',#2499,10.);
#585=VECTOR('',#2504,10.);
#586=VECTOR('',#2507,10.);
#587=VECTOR('',#2512,10.);
#588=VECTOR('',#2513,10.);
#589=VECTOR('',#2516,10.);
#590=VECTOR('',#2517,10.);
#591=VECTOR('',#2520,10.);
#592=VECTOR('',#2521,10.);
#593=VECTOR('',#2522,10.);
#594=VECTOR('',#2525,10.);
#595=VECTOR('',#2526,10.);
#596=VECTOR('',#2529,10.);
#597=VECTOR('',#2530,10.);
#598=VECTOR('',#2531,10.);
#599=VECTOR('',#2532,10.);
#600=VECTOR('',#2533,10.);
#601=VECTOR('',#2534,10.);
#602=VECTOR('',#2547,10.);
#603=VECTOR('',#2548,10.);
#604=VECTOR('',#2549,10.);
#605=VECTOR('',#2550,10.);
#606=VECTOR('',#2551,10.);
#607=VECTOR('',#2552,10.);
#608=VECTOR('',#2555,8.85284014608262);
#609=VECTOR('',#2568,10.);
#610=VECTOR('',#2579,10.);
#611=VECTOR('',#2588,10.);
#612=VECTOR('',#2607,10.);
#613=VECTOR('',#2612,10.);
#614=VECTOR('',#2613,10.);
#615=VECTOR('',#2616,10.);
#616=VECTOR('',#2621,10.);
#617=VECTOR('',#2622,10.);
#618=VECTOR('',#2625,10.);
#619=VECTOR('',#2630,10.);
#620=VECTOR('',#2631,10.);
#621=VECTOR('',#2640,10.);
#622=VECTOR('',#2643,10.);
#623=VECTOR('',#2656,10.);
#624=VECTOR('',#2657,10.);
#625=VECTOR('',#2670,10.);
#626=VECTOR('',#2671,10.);
#627=VECTOR('',#2684,10.);
#628=VECTOR('',#2695,10.);
#629=VECTOR('',#2706,10.);
#630=VECTOR('',#2717,10.);
#631=VECTOR('',#2728,10.);
#632=VECTOR('',#2737,10.);
#633=VECTOR('',#2742,10.);
#634=VECTOR('',#2745,10.);
#635=VECTOR('',#2750,10.);
#636=VECTOR('',#2751,10.);
#637=VECTOR('',#2754,10.);
#638=VECTOR('',#2759,10.);
#639=VECTOR('',#2772,10.);
#640=VECTOR('',#2773,10.);
#641=VECTOR('',#2786,10.);
#642=VECTOR('',#2797,10.);
#643=VECTOR('',#2810,10.);
#644=VECTOR('',#2837,10.);
#645=VECTOR('',#2838,10.);
#646=VECTOR('',#2839,10.);
#647=VECTOR('',#2840,10.);
#648=VECTOR('',#2845,10.);
#649=VECTOR('',#2848,10.);
#650=VECTOR('',#2849,10.);
#651=VECTOR('',#2850,10.);
#652=VECTOR('',#2853,10.);
#653=VECTOR('',#2854,10.);
#654=VECTOR('',#2857,10.);
#655=VECTOR('',#2858,10.);
#656=VECTOR('',#2861,10.);
#657=VECTOR('',#2862,10.);
#658=VECTOR('',#2865,10.);
#659=VECTOR('',#2870,10.);
#660=VECTOR('',#2891,4.95136693518357);
#661=VECTOR('',#2894,10.);
#662=VECTOR('',#2895,10.);
#663=VECTOR('',#2896,10.);
#664=VECTOR('',#2897,10.);
#665=VECTOR('',#2900,10.);
#666=VECTOR('',#2901,10.);
#667=VECTOR('',#2902,10.);
#668=VECTOR('',#2905,10.);
#669=VECTOR('',#2906,10.);
#670=VECTOR('',#2907,10.);
#671=VECTOR('',#2910,10.);
#672=VECTOR('',#2911,10.);
#673=VECTOR('',#2912,10.);
#674=VECTOR('',#2915,10.);
#675=VECTOR('',#2916,10.);
#676=VECTOR('',#2919,10.);
#677=VECTOR('',#2920,10.);
#678=VECTOR('',#2923,10.);
#679=VECTOR('',#2930,10.);
#680=VECTOR('',#2933,10.);
#681=VECTOR('',#2936,10.);
#682=VECTOR('',#2939,10.);
#683=VECTOR('',#2942,10.);
#684=VECTOR('',#2945,10.);
#685=VECTOR('',#2946,10.);
#686=VECTOR('',#2947,10.);
#687=VECTOR('',#2948,10.);
#688=VECTOR('',#2949,10.);
#689=VECTOR('',#2952,10.);
#690=VECTOR('',#2953,10.);
#691=VECTOR('',#2958,10.);
#692=VECTOR('',#2963,10.);
#693=VECTOR('',#2964,10.);
#694=VECTOR('',#2967,10.);
#695=VECTOR('',#2968,10.);
#696=VECTOR('',#2973,10.);
#697=VECTOR('',#2976,10.);
#698=VECTOR('',#2977,10.);
#699=VECTOR('',#2978,10.);
#700=VECTOR('',#2981,10.);
#701=VECTOR('',#2982,10.);
#702=VECTOR('',#2985,10.);
#703=VECTOR('',#2988,10.);
#704=VECTOR('',#2989,10.);
#705=VECTOR('',#2992,10.);
#706=VECTOR('',#2997,10.);
#707=CIRCLE('',#2103,2.5000000372529);
#708=CIRCLE('',#2104,2.5000000372529);
#709=CIRCLE('',#2106,2.5000000372529);
#710=CIRCLE('',#2107,2.5000000372529);
#711=CIRCLE('',#2108,0.999999999999991);
#712=CIRCLE('',#2109,0.999999999999994);
#713=CIRCLE('',#2110,0.999999999999995);
#714=CIRCLE('',#2112,1.);
#715=CIRCLE('',#2113,4.);
#716=CIRCLE('',#2114,0.999999999999996);
#717=CIRCLE('',#2115,5.);
#718=CIRCLE('',#2117,1.);
#719=CIRCLE('',#2119,0.999999999999997);
#720=CIRCLE('',#2120,5.);
#721=CIRCLE('',#2121,4.);
#722=CIRCLE('',#2123,3.);
#723=CIRCLE('',#2124,3.);
#724=CIRCLE('',#2125,3.);
#725=CIRCLE('',#2127,0.999999999999999);
#726=CIRCLE('',#2129,4.);
#727=CIRCLE('',#2131,1.);
#728=CIRCLE('',#2132,1.00000000000001);
#729=CIRCLE('',#2133,0.999999999999994);
#730=CIRCLE('',#2135,1.);
#731=CIRCLE('',#2136,4.);
#732=CIRCLE('',#2137,1.00000000000001);
#733=CIRCLE('',#2138,5.);
#734=CIRCLE('',#2140,1.00000000000001);
#735=CIRCLE('',#2141,1.00000000000001);
#736=CIRCLE('',#2142,1.00000000000001);
#737=CIRCLE('',#2146,0.999999999999985);
#738=CIRCLE('',#2147,4.);
#739=CIRCLE('',#2148,1.);
#740=CIRCLE('',#2150,0.999999999999996);
#741=CIRCLE('',#2152,3.);
#742=CIRCLE('',#2153,3.);
#743=CIRCLE('',#2155,0.999999999999998);
#744=CIRCLE('',#2156,1.00000000000001);
#745=CIRCLE('',#2158,4.);
#746=CIRCLE('',#2160,1.00000000000001);
#747=CIRCLE('',#2173,9.85284014608262);
#748=CIRCLE('',#2174,1.);
#749=CIRCLE('',#2175,8.85284014608262);
#750=CIRCLE('',#2176,8.85284014608262);
#751=CIRCLE('',#2179,8.85284014608262);
#752=CIRCLE('',#2181,0.999999999999992);
#753=CIRCLE('',#2182,4.);
#754=CIRCLE('',#2184,0.999999999999987);
#755=CIRCLE('',#2186,1.);
#756=CIRCLE('',#2187,4.);
#757=CIRCLE('',#2189,0.999999999999996);
#758=CIRCLE('',#2191,0.999999999999998);
#759=CIRCLE('',#2192,4.);
#760=CIRCLE('',#2194,0.999999999999992);
#761=CIRCLE('',#2196,4.);
#762=CIRCLE('',#2197,1.);
#763=CIRCLE('',#2199,4.);
#764=CIRCLE('',#2200,0.999999999999996);
#765=CIRCLE('',#2203,4.);
#766=CIRCLE('',#2206,4.);
#767=CIRCLE('',#2209,4.);
#768=CIRCLE('',#2212,4.);
#769=CIRCLE('',#2214,1.);
#770=CIRCLE('',#2215,0.99999999999999);
#771=CIRCLE('',#2217,0.999999999999979);
#772=CIRCLE('',#2218,3.);
#773=CIRCLE('',#2219,4.);
#774=CIRCLE('',#2221,1.00000000000001);
#775=CIRCLE('',#2223,0.999999999999998);
#776=CIRCLE('',#2224,3.);
#777=CIRCLE('',#2225,4.);
#778=CIRCLE('',#2227,0.999999999999998);
#779=CIRCLE('',#2229,0.999999999999979);
#780=CIRCLE('',#2230,3.);
#781=CIRCLE('',#2231,4.);
#782=CIRCLE('',#2233,0.999999999999996);
#783=CIRCLE('',#2235,0.999999999999998);
#784=CIRCLE('',#2236,3.);
#785=CIRCLE('',#2238,0.999999999999992);
#786=CIRCLE('',#2240,0.999999999999999);
#787=CIRCLE('',#2241,3.);
#788=CIRCLE('',#2243,1.00000000000001);
#789=CIRCLE('',#2245,0.999999999999998);
#790=CIRCLE('',#2246,3.);
#791=CIRCLE('',#2248,0.999999999999994);
#792=CIRCLE('',#2250,1.);
#793=CIRCLE('',#2251,3.);
#794=CIRCLE('',#2253,0.999999999999994);
#795=CIRCLE('',#2255,4.);
#796=CIRCLE('',#2256,3.);
#797=CIRCLE('',#2258,4.);
#798=CIRCLE('',#2261,4.);
#799=CIRCLE('',#2264,4.);
#800=CIRCLE('',#2268,1.);
#801=CIRCLE('',#2269,1.00000000000001);
#802=CIRCLE('',#2271,1.00000000000001);
#803=CIRCLE('',#2273,1.);
#804=CIRCLE('',#2274,3.);
#805=CIRCLE('',#2275,4.);
#806=CIRCLE('',#2277,0.999999999999999);
#807=CIRCLE('',#2279,1.);
#808=CIRCLE('',#2280,3.);
#809=CIRCLE('',#2282,1.);
#810=CIRCLE('',#2284,1.00000000000001);
#811=CIRCLE('',#2285,3.);
#812=CIRCLE('',#2286,4.);
#813=CIRCLE('',#2288,0.999999999999996);
#814=CIRCLE('',#2290,3.);
#815=CIRCLE('',#2292,0.999999999999979);
#816=CIRCLE('',#2294,1.00000000000001);
#817=CIRCLE('',#2297,4.);
#818=CIRCLE('',#2298,0.999999999999999);
#819=CIRCLE('',#2313,4.954);
#820=CIRCLE('',#2315,3.83346601125011);
#821=CIRCLE('',#2316,1.5);
#822=CIRCLE('',#2317,4.954);
#823=CIRCLE('',#2318,4.954);
#824=CIRCLE('',#2330,4.);
#825=CIRCLE('',#2331,4.);
#826=CIRCLE('',#2333,4.);
#827=CIRCLE('',#2334,4.);
#828=CIRCLE('',#2335,4.);
#829=CIRCLE('',#2338,4.);
#830=CIRCLE('',#2340,4.);
#831=CIRCLE('',#2343,4.);
#832=VERTEX_POINT('',#3002);
#833=VERTEX_POINT('',#3004);
#834=VERTEX_POINT('',#3008);
#835=VERTEX_POINT('',#3010);
#836=VERTEX_POINT('',#3037);
#837=VERTEX_POINT('',#3038);
#838=VERTEX_POINT('',#3040);
#839=VERTEX_POINT('',#3069);
#840=VERTEX_POINT('',#3070);
#841=VERTEX_POINT('',#3100);
#842=VERTEX_POINT('',#3101);
#843=VERTEX_POINT('',#3112);
#844=VERTEX_POINT('',#3113);
#845=VERTEX_POINT('',#3115);
#846=VERTEX_POINT('',#3117);
#847=VERTEX_POINT('',#3121);
#848=VERTEX_POINT('',#3122);
#849=VERTEX_POINT('',#3127);
#850=VERTEX_POINT('',#3128);
#851=VERTEX_POINT('',#3192);
#852=VERTEX_POINT('',#3246);
#853=VERTEX_POINT('',#3248);
#854=VERTEX_POINT('',#3250);
#855=VERTEX_POINT('',#3252);
#856=VERTEX_POINT('',#3254);
#857=VERTEX_POINT('',#3256);
#858=VERTEX_POINT('',#3260);
#859=VERTEX_POINT('',#3264);
#860=VERTEX_POINT('',#3266);
#861=VERTEX_POINT('',#3270);
#862=VERTEX_POINT('',#3297);
#863=VERTEX_POINT('',#3298);
#864=VERTEX_POINT('',#3300);
#865=VERTEX_POINT('',#3329);
#866=VERTEX_POINT('',#3330);
#867=VERTEX_POINT('',#3360);
#868=VERTEX_POINT('',#3361);
#869=VERTEX_POINT('',#3372);
#870=VERTEX_POINT('',#3373);
#871=VERTEX_POINT('',#3375);
#872=VERTEX_POINT('',#3377);
#873=VERTEX_POINT('',#3381);
#874=VERTEX_POINT('',#3382);
#875=VERTEX_POINT('',#3434);
#876=VERTEX_POINT('',#3435);
#877=VERTEX_POINT('',#3437);
#878=VERTEX_POINT('',#3442);
#879=VERTEX_POINT('',#3488);
#880=VERTEX_POINT('',#3528);
#881=VERTEX_POINT('',#3530);
#882=VERTEX_POINT('',#3534);
#883=VERTEX_POINT('',#3536);
#884=VERTEX_POINT('',#3540);
#885=VERTEX_POINT('',#3542);
#886=VERTEX_POINT('',#3544);
#887=VERTEX_POINT('',#3548);
#888=VERTEX_POINT('',#3550);
#889=VERTEX_POINT('',#3556);
#890=VERTEX_POINT('',#3558);
#891=VERTEX_POINT('',#3562);
#892=VERTEX_POINT('',#3563);
#893=VERTEX_POINT('',#3565);
#894=VERTEX_POINT('',#3567);
#895=VERTEX_POINT('',#3571);
#896=VERTEX_POINT('',#3572);
#897=VERTEX_POINT('',#3574);
#898=VERTEX_POINT('',#3576);
#899=VERTEX_POINT('',#3586);
#900=VERTEX_POINT('',#3588);
#901=VERTEX_POINT('',#3592);
#902=VERTEX_POINT('',#3596);
#903=VERTEX_POINT('',#3598);
#904=VERTEX_POINT('',#3600);
#905=VERTEX_POINT('',#3602);
#906=VERTEX_POINT('',#3604);
#907=VERTEX_POINT('',#3608);
#908=VERTEX_POINT('',#3610);
#909=VERTEX_POINT('',#3612);
#910=VERTEX_POINT('',#3616);
#911=VERTEX_POINT('',#3619);
#912=VERTEX_POINT('',#3621);
#913=VERTEX_POINT('',#3623);
#914=VERTEX_POINT('',#3627);
#915=VERTEX_POINT('',#3631);
#916=VERTEX_POINT('',#3635);
#917=VERTEX_POINT('',#3639);
#918=VERTEX_POINT('',#3643);
#919=VERTEX_POINT('',#3647);
#920=VERTEX_POINT('',#3651);
#921=VERTEX_POINT('',#3655);
#922=VERTEX_POINT('',#3663);
#923=VERTEX_POINT('',#3667);
#924=VERTEX_POINT('',#3671);
#925=VERTEX_POINT('',#3675);
#926=VERTEX_POINT('',#3679);
#927=VERTEX_POINT('',#3683);
#928=VERTEX_POINT('',#3689);
#929=VERTEX_POINT('',#3690);
#930=VERTEX_POINT('',#3692);
#931=VERTEX_POINT('',#3694);
#932=VERTEX_POINT('',#3698);
#933=VERTEX_POINT('',#3699);
#934=VERTEX_POINT('',#3704);
#935=VERTEX_POINT('',#3705);
#936=VERTEX_POINT('',#3710);
#937=VERTEX_POINT('',#3711);
#938=VERTEX_POINT('',#3716);
#939=VERTEX_POINT('',#3717);
#940=VERTEX_POINT('',#3722);
#941=VERTEX_POINT('',#3727);
#942=VERTEX_POINT('',#3731);
#943=VERTEX_POINT('',#3735);
#944=VERTEX_POINT('',#3739);
#945=VERTEX_POINT('',#3743);
#946=VERTEX_POINT('',#3747);
#947=VERTEX_POINT('',#3751);
#948=VERTEX_POINT('',#3755);
#949=VERTEX_POINT('',#3759);
#950=VERTEX_POINT('',#3771);
#951=VERTEX_POINT('',#3775);
#952=VERTEX_POINT('',#3785);
#953=VERTEX_POINT('',#3789);
#954=VERTEX_POINT('',#3790);
#955=VERTEX_POINT('',#3795);
#956=VERTEX_POINT('',#3800);
#957=VERTEX_POINT('',#3804);
#958=VERTEX_POINT('',#3808);
#959=VERTEX_POINT('',#3812);
#960=VERTEX_POINT('',#3817);
#961=VERTEX_POINT('',#3833);
#962=VERTEX_POINT('',#3834);
#963=VERTEX_POINT('',#3836);
#964=VERTEX_POINT('',#3838);
#965=VERTEX_POINT('',#3845);
#966=VERTEX_POINT('',#3847);
#967=VERTEX_POINT('',#3851);
#968=VERTEX_POINT('',#3855);
#969=VERTEX_POINT('',#3859);
#970=VERTEX_POINT('',#3869);
#971=VERTEX_POINT('',#3872);
#972=VERTEX_POINT('',#3874);
#973=VERTEX_POINT('',#3876);
#974=VERTEX_POINT('',#3883);
#975=VERTEX_POINT('',#3884);
#976=VERTEX_POINT('',#3886);
#977=VERTEX_POINT('',#3888);
#978=VERTEX_POINT('',#3892);
#979=VERTEX_POINT('',#3894);
#980=VERTEX_POINT('',#3898);
#981=VERTEX_POINT('',#3899);
#982=VERTEX_POINT('',#3904);
#983=VERTEX_POINT('',#3905);
#984=VERTEX_POINT('',#3910);
#985=VERTEX_POINT('',#3914);
#986=VERTEX_POINT('',#3921);
#987=VERTEX_POINT('',#3922);
#988=VERTEX_POINT('',#3924);
#989=VERTEX_POINT('',#3926);
#990=VERTEX_POINT('',#3930);
#991=VERTEX_POINT('',#3932);
#992=VERTEX_POINT('',#3934);
#993=VERTEX_POINT('',#3936);
#994=VERTEX_POINT('',#3938);
#995=VERTEX_POINT('',#3940);
#996=VERTEX_POINT('',#3943);
#997=VERTEX_POINT('',#3944);
#998=VERTEX_POINT('',#3946);
#999=VERTEX_POINT('',#3948);
#1000=VERTEX_POINT('',#3952);
#1001=VERTEX_POINT('',#3956);
#1002=VERTEX_POINT('',#3960);
#1003=VERTEX_POINT('',#3961);
#1004=VERTEX_POINT('',#3966);
#1005=VERTEX_POINT('',#3970);
#1006=VERTEX_POINT('',#3974);
#1007=VERTEX_POINT('',#3976);
#1008=VERTEX_POINT('',#3980);
#1009=VERTEX_POINT('',#3986);
#1010=EDGE_CURVE('',#832,#832,#707,.T.);
#1011=EDGE_CURVE('',#832,#833,#415,.T.);
#1012=EDGE_CURVE('',#833,#833,#708,.T.);
#1013=EDGE_CURVE('',#834,#834,#709,.T.);
#1014=EDGE_CURVE('',#834,#835,#416,.T.);
#1015=EDGE_CURVE('',#835,#835,#710,.T.);
#1016=EDGE_CURVE('',#836,#837,#711,.T.);
#1017=EDGE_CURVE('',#837,#838,#109,.T.);
#1018=EDGE_CURVE('',#838,#836,#110,.T.);
#1019=EDGE_CURVE('',#839,#840,#712,.T.);
#1020=EDGE_CURVE('',#840,#837,#111,.T.);
#1021=EDGE_CURVE('',#836,#839,#112,.T.);
#1022=EDGE_CURVE('',#841,#842,#713,.T.);
#1023=EDGE_CURVE('',#842,#840,#113,.T.);
#1024=EDGE_CURVE('',#839,#841,#114,.T.);
#1025=EDGE_CURVE('',#843,#844,#714,.T.);
#1026=EDGE_CURVE('',#844,#845,#715,.T.);
#1027=EDGE_CURVE('',#845,#846,#716,.T.);
#1028=EDGE_CURVE('',#846,#843,#717,.T.);
#1029=EDGE_CURVE('',#847,#848,#718,.T.);
#1030=EDGE_CURVE('',#848,#846,#417,.T.);
#1031=EDGE_CURVE('',#845,#847,#418,.T.);
#1032=EDGE_CURVE('',#849,#850,#719,.T.);
#1033=EDGE_CURVE('',#850,#848,#720,.T.);
#1034=EDGE_CURVE('',#847,#849,#721,.T.);
#1035=EDGE_CURVE('',#849,#851,#115,.T.);
#1036=EDGE_CURVE('',#851,#850,#116,.T.);
#1037=EDGE_CURVE('',#843,#842,#117,.T.);
#1038=EDGE_CURVE('',#841,#844,#118,.T.);
#1039=EDGE_CURVE('',#852,#850,#419,.T.);
#1040=EDGE_CURVE('',#853,#852,#722,.T.);
#1041=EDGE_CURVE('',#854,#853,#420,.T.);
#1042=EDGE_CURVE('',#855,#854,#723,.T.);
#1043=EDGE_CURVE('',#856,#855,#421,.T.);
#1044=EDGE_CURVE('',#857,#856,#724,.T.);
#1045=EDGE_CURVE('',#843,#857,#422,.T.);
#1046=EDGE_CURVE('',#851,#858,#423,.T.);
#1047=EDGE_CURVE('',#858,#852,#725,.T.);
#1048=EDGE_CURVE('',#847,#859,#424,.T.);
#1049=EDGE_CURVE('',#860,#859,#726,.T.);
#1050=EDGE_CURVE('',#860,#851,#425,.T.);
#1051=EDGE_CURVE('',#861,#845,#426,.T.);
#1052=EDGE_CURVE('',#859,#861,#427,.T.);
#1053=EDGE_CURVE('',#862,#863,#727,.T.);
#1054=EDGE_CURVE('',#863,#864,#119,.T.);
#1055=EDGE_CURVE('',#864,#862,#120,.T.);
#1056=EDGE_CURVE('',#865,#866,#728,.T.);
#1057=EDGE_CURVE('',#866,#863,#121,.T.);
#1058=EDGE_CURVE('',#862,#865,#122,.T.);
#1059=EDGE_CURVE('',#867,#868,#729,.T.);
#1060=EDGE_CURVE('',#868,#866,#123,.T.);
#1061=EDGE_CURVE('',#865,#867,#124,.T.);
#1062=EDGE_CURVE('',#869,#870,#730,.T.);
#1063=EDGE_CURVE('',#870,#871,#731,.T.);
#1064=EDGE_CURVE('',#871,#872,#732,.T.);
#1065=EDGE_CURVE('',#872,#869,#733,.T.);
#1066=EDGE_CURVE('',#873,#874,#734,.T.);
#1067=EDGE_CURVE('',#874,#872,#428,.T.);
#1068=EDGE_CURVE('',#871,#873,#429,.T.);
#1069=EDGE_CURVE('',#869,#868,#125,.T.);
#1070=EDGE_CURVE('',#867,#870,#126,.T.);
#1071=EDGE_CURVE('',#875,#876,#735,.T.);
#1072=EDGE_CURVE('',#876,#877,#127,.T.);
#1073=EDGE_CURVE('',#877,#878,#736,.T.);
#1074=EDGE_CURVE('',#878,#875,#128,.T.);
#1075=EDGE_CURVE('',#875,#879,#129,.T.);
#1076=EDGE_CURVE('',#879,#876,#130,.T.);
#1077=EDGE_CURVE('',#877,#874,#22,.T.);
#1078=EDGE_CURVE('',#873,#878,#23,.T.);
#1079=EDGE_CURVE('',#880,#868,#737,.T.);
#1080=EDGE_CURVE('',#880,#881,#738,.T.);
#1081=EDGE_CURVE('',#881,#866,#739,.T.);
#1082=EDGE_CURVE('',#869,#882,#430,.T.);
#1083=EDGE_CURVE('',#883,#882,#740,.T.);
#1084=EDGE_CURVE('',#883,#880,#431,.T.);
#1085=EDGE_CURVE('',#884,#874,#432,.T.);
#1086=EDGE_CURVE('',#885,#884,#741,.T.);
#1087=EDGE_CURVE('',#886,#885,#433,.T.);
#1088=EDGE_CURVE('',#882,#886,#742,.T.);
#1089=EDGE_CURVE('',#887,#877,#743,.T.);
#1090=EDGE_CURVE('',#887,#888,#434,.T.);
#1091=EDGE_CURVE('',#888,#884,#744,.T.);
#1092=EDGE_CURVE('',#879,#887,#745,.T.);
#1093=EDGE_CURVE('',#875,#889,#435,.T.);
#1094=EDGE_CURVE('',#889,#890,#746,.F.);
#1095=EDGE_CURVE('',#890,#879,#436,.T.);
#1096=EDGE_CURVE('',#891,#892,#437,.T.);
#1097=EDGE_CURVE('',#892,#893,#24,.T.);
#1098=EDGE_CURVE('',#893,#894,#438,.T.);
#1099=EDGE_CURVE('',#891,#894,#25,.T.);
#1100=EDGE_CURVE('',#895,#896,#439,.T.);
#1101=EDGE_CURVE('',#896,#897,#26,.T.);
#1102=EDGE_CURVE('',#897,#898,#440,.T.);
#1103=EDGE_CURVE('',#898,#895,#27,.T.);
#1104=EDGE_CURVE('',#894,#897,#441,.T.);
#1105=EDGE_CURVE('',#896,#891,#442,.T.);
#1106=EDGE_CURVE('',#892,#895,#443,.T.);
#1107=EDGE_CURVE('',#898,#893,#444,.T.);
#1108=EDGE_CURVE('',#898,#899,#445,.T.);
#1109=EDGE_CURVE('',#900,#899,#446,.T.);
#1110=EDGE_CURVE('',#893,#900,#447,.T.);
#1111=EDGE_CURVE('',#897,#901,#448,.T.);
#1112=EDGE_CURVE('',#899,#901,#449,.T.);
#1113=EDGE_CURVE('',#838,#902,#450,.T.);
#1114=EDGE_CURVE('',#903,#838,#451,.T.);
#1115=EDGE_CURVE('',#904,#903,#452,.T.);
#1116=EDGE_CURVE('',#905,#904,#453,.T.);
#1117=EDGE_CURVE('',#906,#905,#454,.T.);
#1118=EDGE_CURVE('',#902,#906,#455,.T.);
#1119=EDGE_CURVE('',#907,#907,#747,.T.);
#1120=EDGE_CURVE('',#907,#908,#748,.T.);
#1121=EDGE_CURVE('',#908,#909,#749,.T.);
#1122=EDGE_CURVE('',#909,#908,#750,.T.);
#1123=EDGE_CURVE('',#910,#860,#456,.T.);
#1124=EDGE_CURVE('',#864,#910,#457,.T.);
#1125=EDGE_CURVE('',#911,#864,#458,.T.);
#1126=EDGE_CURVE('',#912,#911,#459,.T.);
#1127=EDGE_CURVE('',#913,#912,#460,.T.);
#1128=EDGE_CURVE('',#858,#913,#461,.T.);
#1129=EDGE_CURVE('',#909,#914,#462,.T.);
#1130=EDGE_CURVE('',#914,#914,#751,.T.);
#1131=EDGE_CURVE('',#915,#853,#752,.T.);
#1132=EDGE_CURVE('',#858,#915,#753,.T.);
#1133=EDGE_CURVE('',#916,#854,#754,.T.);
#1134=EDGE_CURVE('',#915,#916,#463,.T.);
#1135=EDGE_CURVE('',#917,#855,#755,.T.);
#1136=EDGE_CURVE('',#916,#917,#756,.T.);
#1137=EDGE_CURVE('',#918,#856,#757,.T.);
#1138=EDGE_CURVE('',#917,#918,#464,.T.);
#1139=EDGE_CURVE('',#919,#857,#758,.T.);
#1140=EDGE_CURVE('',#918,#919,#759,.T.);
#1141=EDGE_CURVE('',#919,#920,#465,.T.);
#1142=EDGE_CURVE('',#920,#842,#760,.T.);
#1143=EDGE_CURVE('',#920,#921,#761,.T.);
#1144=EDGE_CURVE('',#921,#840,#762,.T.);
#1145=EDGE_CURVE('',#921,#903,#763,.T.);
#1146=EDGE_CURVE('',#903,#837,#764,.T.);
#1147=EDGE_CURVE('',#920,#922,#466,.T.);
#1148=EDGE_CURVE('',#904,#922,#765,.T.);
#1149=EDGE_CURVE('',#923,#919,#467,.T.);
#1150=EDGE_CURVE('',#922,#923,#468,.T.);
#1151=EDGE_CURVE('',#918,#924,#469,.T.);
#1152=EDGE_CURVE('',#923,#924,#766,.T.);
#1153=EDGE_CURVE('',#925,#917,#470,.T.);
#1154=EDGE_CURVE('',#924,#925,#471,.T.);
#1155=EDGE_CURVE('',#916,#926,#472,.T.);
#1156=EDGE_CURVE('',#925,#926,#767,.T.);
#1157=EDGE_CURVE('',#927,#915,#473,.T.);
#1158=EDGE_CURVE('',#926,#927,#474,.T.);
#1159=EDGE_CURVE('',#927,#913,#768,.T.);
#1160=EDGE_CURVE('',#928,#929,#769,.T.);
#1161=EDGE_CURVE('',#929,#930,#475,.T.);
#1162=EDGE_CURVE('',#930,#931,#770,.T.);
#1163=EDGE_CURVE('',#931,#928,#476,.T.);
#1164=EDGE_CURVE('',#932,#933,#771,.T.);
#1165=EDGE_CURVE('',#933,#931,#772,.T.);
#1166=EDGE_CURVE('',#930,#932,#773,.T.);
#1167=EDGE_CURVE('',#934,#935,#774,.T.);
#1168=EDGE_CURVE('',#935,#933,#477,.T.);
#1169=EDGE_CURVE('',#932,#934,#478,.T.);
#1170=EDGE_CURVE('',#936,#937,#775,.T.);
#1171=EDGE_CURVE('',#937,#935,#776,.T.);
#1172=EDGE_CURVE('',#934,#936,#777,.T.);
#1173=EDGE_CURVE('',#938,#939,#778,.T.);
#1174=EDGE_CURVE('',#939,#937,#479,.T.);
#1175=EDGE_CURVE('',#936,#938,#480,.T.);
#1176=EDGE_CURVE('',#905,#940,#779,.T.);
#1177=EDGE_CURVE('',#940,#939,#780,.T.);
#1178=EDGE_CURVE('',#938,#905,#781,.T.);
#1179=EDGE_CURVE('',#904,#941,#782,.T.);
#1180=EDGE_CURVE('',#941,#940,#481,.T.);
#1181=EDGE_CURVE('',#922,#942,#783,.T.);
#1182=EDGE_CURVE('',#942,#941,#784,.T.);
#1183=EDGE_CURVE('',#923,#943,#785,.T.);
#1184=EDGE_CURVE('',#943,#942,#482,.T.);
#1185=EDGE_CURVE('',#924,#944,#786,.T.);
#1186=EDGE_CURVE('',#944,#943,#787,.T.);
#1187=EDGE_CURVE('',#925,#945,#788,.T.);
#1188=EDGE_CURVE('',#945,#944,#483,.T.);
#1189=EDGE_CURVE('',#926,#946,#789,.T.);
#1190=EDGE_CURVE('',#946,#945,#790,.T.);
#1191=EDGE_CURVE('',#927,#947,#791,.T.);
#1192=EDGE_CURVE('',#947,#946,#484,.T.);
#1193=EDGE_CURVE('',#913,#948,#792,.T.);
#1194=EDGE_CURVE('',#948,#947,#793,.T.);
#1195=EDGE_CURVE('',#912,#949,#794,.T.);
#1196=EDGE_CURVE('',#949,#948,#485,.T.);
#1197=EDGE_CURVE('',#912,#929,#795,.T.);
#1198=EDGE_CURVE('',#928,#949,#796,.T.);
#1199=EDGE_CURVE('',#938,#887,#486,.T.);
#1200=EDGE_CURVE('',#906,#890,#797,.T.);
#1201=EDGE_CURVE('',#888,#936,#487,.T.);
#1202=EDGE_CURVE('',#934,#950,#488,.T.);
#1203=EDGE_CURVE('',#888,#950,#798,.T.);
#1204=EDGE_CURVE('',#951,#932,#489,.T.);
#1205=EDGE_CURVE('',#950,#951,#490,.T.);
#1206=EDGE_CURVE('',#930,#883,#491,.T.);
#1207=EDGE_CURVE('',#951,#883,#799,.T.);
#1208=EDGE_CURVE('',#880,#929,#492,.T.);
#1209=EDGE_CURVE('',#952,#889,#800,.F.);
#1210=EDGE_CURVE('',#890,#952,#801,.F.);
#1211=EDGE_CURVE('',#953,#954,#802,.T.);
#1212=EDGE_CURVE('',#954,#952,#493,.T.);
#1213=EDGE_CURVE('',#889,#953,#494,.T.);
#1214=EDGE_CURVE('',#910,#955,#803,.T.);
#1215=EDGE_CURVE('',#955,#954,#804,.T.);
#1216=EDGE_CURVE('',#953,#910,#805,.T.);
#1217=EDGE_CURVE('',#860,#956,#806,.T.);
#1218=EDGE_CURVE('',#956,#955,#495,.T.);
#1219=EDGE_CURVE('',#859,#957,#807,.T.);
#1220=EDGE_CURVE('',#957,#956,#808,.T.);
#1221=EDGE_CURVE('',#861,#958,#809,.T.);
#1222=EDGE_CURVE('',#958,#957,#496,.T.);
#1223=EDGE_CURVE('',#902,#959,#810,.T.);
#1224=EDGE_CURVE('',#959,#958,#811,.T.);
#1225=EDGE_CURVE('',#861,#902,#812,.T.);
#1226=EDGE_CURVE('',#906,#960,#813,.T.);
#1227=EDGE_CURVE('',#960,#959,#497,.T.);
#1228=EDGE_CURVE('',#952,#960,#814,.T.);
#1229=EDGE_CURVE('',#950,#885,#815,.T.);
#1230=EDGE_CURVE('',#951,#886,#816,.T.);
#1231=EDGE_CURVE('',#881,#911,#817,.T.);
#1232=EDGE_CURVE('',#911,#863,#818,.T.);
#1233=EDGE_CURVE('',#961,#962,#498,.T.);
#1234=EDGE_CURVE('',#962,#963,#499,.T.);
#1235=EDGE_CURVE('',#963,#964,#500,.T.);
#1236=EDGE_CURVE('',#964,#961,#501,.T.);
#1237=EDGE_CURVE('',#953,#871,#502,.T.);
#1238=EDGE_CURVE('',#965,#964,#503,.F.);
#1239=EDGE_CURVE('',#966,#965,#504,.F.);
#1240=EDGE_CURVE('',#966,#961,#505,.T.);
#1241=EDGE_CURVE('',#967,#963,#506,.T.);
#1242=EDGE_CURVE('',#965,#967,#507,.T.);
#1243=EDGE_CURVE('',#968,#966,#508,.T.);
#1244=EDGE_CURVE('',#967,#968,#509,.F.);
#1245=EDGE_CURVE('',#894,#969,#510,.T.);
#1246=EDGE_CURVE('',#901,#969,#511,.T.);
#1247=EDGE_CURVE('',#969,#900,#512,.T.);
#1248=EDGE_CURVE('',#968,#962,#513,.F.);
#1249=EDGE_CURVE('',#970,#970,#819,.F.);
#1250=EDGE_CURVE('',#971,#971,#820,.T.);
#1251=EDGE_CURVE('',#971,#972,#821,.T.);
#1252=EDGE_CURVE('',#973,#972,#822,.F.);
#1253=EDGE_CURVE('',#972,#973,#823,.F.);
#1254=EDGE_CURVE('',#970,#973,#514,.T.);
#1255=EDGE_CURVE('',#974,#975,#515,.T.);
#1256=EDGE_CURVE('',#975,#976,#516,.T.);
#1257=EDGE_CURVE('',#977,#976,#517,.T.);
#1258=EDGE_CURVE('',#974,#977,#518,.T.);
#1259=EDGE_CURVE('',#976,#978,#519,.T.);
#1260=EDGE_CURVE('',#978,#979,#520,.T.);
#1261=EDGE_CURVE('',#979,#977,#521,.T.);
#1262=EDGE_CURVE('',#980,#981,#522,.T.);
#1263=EDGE_CURVE('',#975,#981,#523,.T.);
#1264=EDGE_CURVE('',#980,#974,#524,.T.);
#1265=EDGE_CURVE('',#982,#983,#525,.T.);
#1266=EDGE_CURVE('',#982,#978,#526,.T.);
#1267=EDGE_CURVE('',#983,#981,#527,.T.);
#1268=EDGE_CURVE('',#983,#984,#528,.T.);
#1269=EDGE_CURVE('',#984,#980,#529,.T.);
#1270=EDGE_CURVE('',#984,#985,#530,.T.);
#1271=EDGE_CURVE('',#985,#979,#531,.T.);
#1272=EDGE_CURVE('',#985,#982,#532,.T.);
#1273=EDGE_CURVE('',#986,#987,#824,.T.);
#1274=EDGE_CURVE('',#987,#988,#533,.T.);
#1275=EDGE_CURVE('',#988,#989,#825,.T.);
#1276=EDGE_CURVE('',#989,#986,#534,.T.);
#1277=EDGE_CURVE('',#990,#988,#535,.T.);
#1278=EDGE_CURVE('',#991,#990,#826,.T.);
#1279=EDGE_CURVE('',#992,#991,#536,.T.);
#1280=EDGE_CURVE('',#993,#992,#827,.T.);
#1281=EDGE_CURVE('',#994,#993,#537,.T.);
#1282=EDGE_CURVE('',#995,#994,#828,.T.);
#1283=EDGE_CURVE('',#989,#995,#538,.T.);
#1284=EDGE_CURVE('',#996,#997,#539,.T.);
#1285=EDGE_CURVE('',#998,#996,#540,.T.);
#1286=EDGE_CURVE('',#999,#998,#541,.T.);
#1287=EDGE_CURVE('',#997,#999,#542,.T.);
#1288=EDGE_CURVE('',#1000,#987,#543,.T.);
#1289=EDGE_CURVE('',#990,#1000,#544,.T.);
#1290=EDGE_CURVE('',#1000,#1001,#829,.T.);
#1291=EDGE_CURVE('',#1001,#991,#545,.T.);
#1292=EDGE_CURVE('',#1002,#1003,#830,.T.);
#1293=EDGE_CURVE('',#1003,#993,#546,.T.);
#1294=EDGE_CURVE('',#992,#1002,#547,.T.);
#1295=EDGE_CURVE('',#1004,#1003,#548,.T.);
#1296=EDGE_CURVE('',#994,#1004,#549,.T.);
#1297=EDGE_CURVE('',#1004,#1005,#831,.T.);
#1298=EDGE_CURVE('',#1005,#995,#550,.T.);
#1299=EDGE_CURVE('',#998,#1006,#551,.F.);
#1300=EDGE_CURVE('',#1006,#1007,#552,.F.);
#1301=EDGE_CURVE('',#999,#1007,#553,.T.);
#1302=EDGE_CURVE('',#996,#1008,#554,.T.);
#1303=EDGE_CURVE('',#1008,#1006,#555,.T.);
#1304=EDGE_CURVE('',#986,#1005,#556,.T.);
#1305=EDGE_CURVE('',#997,#1009,#557,.F.);
#1306=EDGE_CURVE('',#1009,#1008,#558,.F.);
#1307=EDGE_CURVE('',#1007,#1009,#559,.T.);
#1308=EDGE_CURVE('',#1002,#1001,#560,.T.);
#1309=ORIENTED_EDGE('',*,*,#1010,.F.);
#1310=ORIENTED_EDGE('',*,*,#1011,.T.);
#1311=ORIENTED_EDGE('',*,*,#1012,.F.);
#1312=ORIENTED_EDGE('',*,*,#1011,.F.);
#1313=ORIENTED_EDGE('',*,*,#1013,.F.);
#1314=ORIENTED_EDGE('',*,*,#1014,.T.);
#1315=ORIENTED_EDGE('',*,*,#1015,.F.);
#1316=ORIENTED_EDGE('',*,*,#1014,.F.);
#1317=ORIENTED_EDGE('',*,*,#1016,.T.);
#1318=ORIENTED_EDGE('',*,*,#1017,.T.);
#1319=ORIENTED_EDGE('',*,*,#1018,.T.);
#1320=ORIENTED_EDGE('',*,*,#1019,.T.);
#1321=ORIENTED_EDGE('',*,*,#1020,.T.);
#1322=ORIENTED_EDGE('',*,*,#1016,.F.);
#1323=ORIENTED_EDGE('',*,*,#1021,.T.);
#1324=ORIENTED_EDGE('',*,*,#1022,.T.);
#1325=ORIENTED_EDGE('',*,*,#1023,.T.);
#1326=ORIENTED_EDGE('',*,*,#1019,.F.);
#1327=ORIENTED_EDGE('',*,*,#1024,.T.);
#1328=ORIENTED_EDGE('',*,*,#1025,.T.);
#1329=ORIENTED_EDGE('',*,*,#1026,.T.);
#1330=ORIENTED_EDGE('',*,*,#1027,.T.);
#1331=ORIENTED_EDGE('',*,*,#1028,.T.);
#1332=ORIENTED_EDGE('',*,*,#1029,.T.);
#1333=ORIENTED_EDGE('',*,*,#1030,.T.);
#1334=ORIENTED_EDGE('',*,*,#1027,.F.);
#1335=ORIENTED_EDGE('',*,*,#1031,.T.);
#1336=ORIENTED_EDGE('',*,*,#1032,.T.);
#1337=ORIENTED_EDGE('',*,*,#1033,.T.);
#1338=ORIENTED_EDGE('',*,*,#1029,.F.);
#1339=ORIENTED_EDGE('',*,*,#1034,.T.);
#1340=ORIENTED_EDGE('',*,*,#1035,.T.);
#1341=ORIENTED_EDGE('',*,*,#1036,.T.);
#1342=ORIENTED_EDGE('',*,*,#1032,.F.);
#1343=ORIENTED_EDGE('',*,*,#1025,.F.);
#1344=ORIENTED_EDGE('',*,*,#1037,.T.);
#1345=ORIENTED_EDGE('',*,*,#1022,.F.);
#1346=ORIENTED_EDGE('',*,*,#1038,.T.);
#1347=ORIENTED_EDGE('',*,*,#1028,.F.);
#1348=ORIENTED_EDGE('',*,*,#1030,.F.);
#1349=ORIENTED_EDGE('',*,*,#1033,.F.);
#1350=ORIENTED_EDGE('',*,*,#1039,.F.);
#1351=ORIENTED_EDGE('',*,*,#1040,.F.);
#1352=ORIENTED_EDGE('',*,*,#1041,.F.);
#1353=ORIENTED_EDGE('',*,*,#1042,.F.);
#1354=ORIENTED_EDGE('',*,*,#1043,.F.);
#1355=ORIENTED_EDGE('',*,*,#1044,.F.);
#1356=ORIENTED_EDGE('',*,*,#1045,.F.);
#1357=ORIENTED_EDGE('',*,*,#1010,.T.);
#1358=ORIENTED_EDGE('',*,*,#1036,.F.);
#1359=ORIENTED_EDGE('',*,*,#1046,.T.);
#1360=ORIENTED_EDGE('',*,*,#1047,.T.);
#1361=ORIENTED_EDGE('',*,*,#1039,.T.);
#1362=ORIENTED_EDGE('',*,*,#1035,.F.);
#1363=ORIENTED_EDGE('',*,*,#1034,.F.);
#1364=ORIENTED_EDGE('',*,*,#1048,.T.);
#1365=ORIENTED_EDGE('',*,*,#1049,.F.);
#1366=ORIENTED_EDGE('',*,*,#1050,.T.);
#1367=ORIENTED_EDGE('',*,*,#1031,.F.);
#1368=ORIENTED_EDGE('',*,*,#1051,.F.);
#1369=ORIENTED_EDGE('',*,*,#1052,.F.);
#1370=ORIENTED_EDGE('',*,*,#1048,.F.);
#1371=ORIENTED_EDGE('',*,*,#1053,.T.);
#1372=ORIENTED_EDGE('',*,*,#1054,.T.);
#1373=ORIENTED_EDGE('',*,*,#1055,.T.);
#1374=ORIENTED_EDGE('',*,*,#1056,.T.);
#1375=ORIENTED_EDGE('',*,*,#1057,.T.);
#1376=ORIENTED_EDGE('',*,*,#1053,.F.);
#1377=ORIENTED_EDGE('',*,*,#1058,.T.);
#1378=ORIENTED_EDGE('',*,*,#1059,.T.);
#1379=ORIENTED_EDGE('',*,*,#1060,.T.);
#1380=ORIENTED_EDGE('',*,*,#1056,.F.);
#1381=ORIENTED_EDGE('',*,*,#1061,.T.);
#1382=ORIENTED_EDGE('',*,*,#1062,.T.);
#1383=ORIENTED_EDGE('',*,*,#1063,.T.);
#1384=ORIENTED_EDGE('',*,*,#1064,.T.);
#1385=ORIENTED_EDGE('',*,*,#1065,.T.);
#1386=ORIENTED_EDGE('',*,*,#1066,.T.);
#1387=ORIENTED_EDGE('',*,*,#1067,.T.);
#1388=ORIENTED_EDGE('',*,*,#1064,.F.);
#1389=ORIENTED_EDGE('',*,*,#1068,.T.);
#1390=ORIENTED_EDGE('',*,*,#1062,.F.);
#1391=ORIENTED_EDGE('',*,*,#1069,.T.);
#1392=ORIENTED_EDGE('',*,*,#1059,.F.);
#1393=ORIENTED_EDGE('',*,*,#1070,.T.);
#1394=ORIENTED_EDGE('',*,*,#1071,.T.);
#1395=ORIENTED_EDGE('',*,*,#1072,.T.);
#1396=ORIENTED_EDGE('',*,*,#1073,.T.);
#1397=ORIENTED_EDGE('',*,*,#1074,.T.);
#1398=ORIENTED_EDGE('',*,*,#1075,.T.);
#1399=ORIENTED_EDGE('',*,*,#1076,.T.);
#1400=ORIENTED_EDGE('',*,*,#1071,.F.);
#1401=ORIENTED_EDGE('',*,*,#1073,.F.);
#1402=ORIENTED_EDGE('',*,*,#1077,.T.);
#1403=ORIENTED_EDGE('',*,*,#1066,.F.);
#1404=ORIENTED_EDGE('',*,*,#1078,.T.);
#1405=ORIENTED_EDGE('',*,*,#1060,.F.);
#1406=ORIENTED_EDGE('',*,*,#1079,.F.);
#1407=ORIENTED_EDGE('',*,*,#1080,.T.);
#1408=ORIENTED_EDGE('',*,*,#1081,.T.);
#1409=ORIENTED_EDGE('',*,*,#1069,.F.);
#1410=ORIENTED_EDGE('',*,*,#1082,.T.);
#1411=ORIENTED_EDGE('',*,*,#1083,.F.);
#1412=ORIENTED_EDGE('',*,*,#1084,.T.);
#1413=ORIENTED_EDGE('',*,*,#1079,.T.);
#1414=ORIENTED_EDGE('',*,*,#1065,.F.);
#1415=ORIENTED_EDGE('',*,*,#1067,.F.);
#1416=ORIENTED_EDGE('',*,*,#1085,.F.);
#1417=ORIENTED_EDGE('',*,*,#1086,.F.);
#1418=ORIENTED_EDGE('',*,*,#1087,.F.);
#1419=ORIENTED_EDGE('',*,*,#1088,.F.);
#1420=ORIENTED_EDGE('',*,*,#1082,.F.);
#1421=ORIENTED_EDGE('',*,*,#1013,.T.);
#1422=ORIENTED_EDGE('',*,*,#1077,.F.);
#1423=ORIENTED_EDGE('',*,*,#1089,.F.);
#1424=ORIENTED_EDGE('',*,*,#1090,.T.);
#1425=ORIENTED_EDGE('',*,*,#1091,.T.);
#1426=ORIENTED_EDGE('',*,*,#1085,.T.);
#1427=ORIENTED_EDGE('',*,*,#1072,.F.);
#1428=ORIENTED_EDGE('',*,*,#1076,.F.);
#1429=ORIENTED_EDGE('',*,*,#1092,.T.);
#1430=ORIENTED_EDGE('',*,*,#1089,.T.);
#1431=ORIENTED_EDGE('',*,*,#1075,.F.);
#1432=ORIENTED_EDGE('',*,*,#1093,.T.);
#1433=ORIENTED_EDGE('',*,*,#1094,.T.);
#1434=ORIENTED_EDGE('',*,*,#1095,.T.);
#1435=ORIENTED_EDGE('',*,*,#1096,.T.);
#1436=ORIENTED_EDGE('',*,*,#1097,.T.);
#1437=ORIENTED_EDGE('',*,*,#1098,.T.);
#1438=ORIENTED_EDGE('',*,*,#1099,.F.);
#1439=ORIENTED_EDGE('',*,*,#1100,.T.);
#1440=ORIENTED_EDGE('',*,*,#1101,.T.);
#1441=ORIENTED_EDGE('',*,*,#1102,.T.);
#1442=ORIENTED_EDGE('',*,*,#1103,.T.);
#1443=ORIENTED_EDGE('',*,*,#1104,.T.);
#1444=ORIENTED_EDGE('',*,*,#1101,.F.);
#1445=ORIENTED_EDGE('',*,*,#1105,.T.);
#1446=ORIENTED_EDGE('',*,*,#1099,.T.);
#1447=ORIENTED_EDGE('',*,*,#1106,.T.);
#1448=ORIENTED_EDGE('',*,*,#1103,.F.);
#1449=ORIENTED_EDGE('',*,*,#1107,.T.);
#1450=ORIENTED_EDGE('',*,*,#1097,.F.);
#1451=ORIENTED_EDGE('',*,*,#1107,.F.);
#1452=ORIENTED_EDGE('',*,*,#1108,.T.);
#1453=ORIENTED_EDGE('',*,*,#1109,.F.);
#1454=ORIENTED_EDGE('',*,*,#1110,.F.);
#1455=ORIENTED_EDGE('',*,*,#1102,.F.);
#1456=ORIENTED_EDGE('',*,*,#1111,.T.);
#1457=ORIENTED_EDGE('',*,*,#1112,.F.);
#1458=ORIENTED_EDGE('',*,*,#1108,.F.);
#1459=ORIENTED_EDGE('',*,*,#1113,.F.);
#1460=ORIENTED_EDGE('',*,*,#1114,.F.);
#1461=ORIENTED_EDGE('',*,*,#1115,.F.);
#1462=ORIENTED_EDGE('',*,*,#1116,.F.);
#1463=ORIENTED_EDGE('',*,*,#1117,.F.);
#1464=ORIENTED_EDGE('',*,*,#1118,.F.);
#1465=ORIENTED_EDGE('',*,*,#1100,.F.);
#1466=ORIENTED_EDGE('',*,*,#1106,.F.);
#1467=ORIENTED_EDGE('',*,*,#1096,.F.);
#1468=ORIENTED_EDGE('',*,*,#1105,.F.);
#1469=ORIENTED_EDGE('',*,*,#1119,.T.);
#1470=ORIENTED_EDGE('',*,*,#1120,.T.);
#1471=ORIENTED_EDGE('',*,*,#1121,.T.);
#1472=ORIENTED_EDGE('',*,*,#1122,.T.);
#1473=ORIENTED_EDGE('',*,*,#1120,.F.);
#1474=ORIENTED_EDGE('',*,*,#1046,.F.);
#1475=ORIENTED_EDGE('',*,*,#1050,.F.);
#1476=ORIENTED_EDGE('',*,*,#1123,.F.);
#1477=ORIENTED_EDGE('',*,*,#1124,.F.);
#1478=ORIENTED_EDGE('',*,*,#1125,.F.);
#1479=ORIENTED_EDGE('',*,*,#1126,.F.);
#1480=ORIENTED_EDGE('',*,*,#1127,.F.);
#1481=ORIENTED_EDGE('',*,*,#1128,.F.);
#1482=ORIENTED_EDGE('',*,*,#1119,.F.);
#1483=ORIENTED_EDGE('',*,*,#1122,.F.);
#1484=ORIENTED_EDGE('',*,*,#1129,.T.);
#1485=ORIENTED_EDGE('',*,*,#1130,.T.);
#1486=ORIENTED_EDGE('',*,*,#1129,.F.);
#1487=ORIENTED_EDGE('',*,*,#1121,.F.);
#1488=ORIENTED_EDGE('',*,*,#1131,.T.);
#1489=ORIENTED_EDGE('',*,*,#1040,.T.);
#1490=ORIENTED_EDGE('',*,*,#1047,.F.);
#1491=ORIENTED_EDGE('',*,*,#1132,.T.);
#1492=ORIENTED_EDGE('',*,*,#1133,.T.);
#1493=ORIENTED_EDGE('',*,*,#1041,.T.);
#1494=ORIENTED_EDGE('',*,*,#1131,.F.);
#1495=ORIENTED_EDGE('',*,*,#1134,.T.);
#1496=ORIENTED_EDGE('',*,*,#1135,.T.);
#1497=ORIENTED_EDGE('',*,*,#1042,.T.);
#1498=ORIENTED_EDGE('',*,*,#1133,.F.);
#1499=ORIENTED_EDGE('',*,*,#1136,.T.);
#1500=ORIENTED_EDGE('',*,*,#1137,.T.);
#1501=ORIENTED_EDGE('',*,*,#1043,.T.);
#1502=ORIENTED_EDGE('',*,*,#1135,.F.);
#1503=ORIENTED_EDGE('',*,*,#1138,.T.);
#1504=ORIENTED_EDGE('',*,*,#1139,.T.);
#1505=ORIENTED_EDGE('',*,*,#1044,.T.);
#1506=ORIENTED_EDGE('',*,*,#1137,.F.);
#1507=ORIENTED_EDGE('',*,*,#1140,.T.);
#1508=ORIENTED_EDGE('',*,*,#1037,.F.);
#1509=ORIENTED_EDGE('',*,*,#1045,.T.);
#1510=ORIENTED_EDGE('',*,*,#1139,.F.);
#1511=ORIENTED_EDGE('',*,*,#1141,.T.);
#1512=ORIENTED_EDGE('',*,*,#1142,.T.);
#1513=ORIENTED_EDGE('',*,*,#1023,.F.);
#1514=ORIENTED_EDGE('',*,*,#1142,.F.);
#1515=ORIENTED_EDGE('',*,*,#1143,.T.);
#1516=ORIENTED_EDGE('',*,*,#1144,.T.);
#1517=ORIENTED_EDGE('',*,*,#1020,.F.);
#1518=ORIENTED_EDGE('',*,*,#1144,.F.);
#1519=ORIENTED_EDGE('',*,*,#1145,.T.);
#1520=ORIENTED_EDGE('',*,*,#1146,.T.);
#1521=ORIENTED_EDGE('',*,*,#1017,.F.);
#1522=ORIENTED_EDGE('',*,*,#1146,.F.);
#1523=ORIENTED_EDGE('',*,*,#1114,.T.);
#1524=ORIENTED_EDGE('',*,*,#1145,.F.);
#1525=ORIENTED_EDGE('',*,*,#1143,.F.);
#1526=ORIENTED_EDGE('',*,*,#1147,.T.);
#1527=ORIENTED_EDGE('',*,*,#1148,.F.);
#1528=ORIENTED_EDGE('',*,*,#1115,.T.);
#1529=ORIENTED_EDGE('',*,*,#1141,.F.);
#1530=ORIENTED_EDGE('',*,*,#1149,.F.);
#1531=ORIENTED_EDGE('',*,*,#1150,.F.);
#1532=ORIENTED_EDGE('',*,*,#1147,.F.);
#1533=ORIENTED_EDGE('',*,*,#1140,.F.);
#1534=ORIENTED_EDGE('',*,*,#1151,.T.);
#1535=ORIENTED_EDGE('',*,*,#1152,.F.);
#1536=ORIENTED_EDGE('',*,*,#1149,.T.);
#1537=ORIENTED_EDGE('',*,*,#1138,.F.);
#1538=ORIENTED_EDGE('',*,*,#1153,.F.);
#1539=ORIENTED_EDGE('',*,*,#1154,.F.);
#1540=ORIENTED_EDGE('',*,*,#1151,.F.);
#1541=ORIENTED_EDGE('',*,*,#1136,.F.);
#1542=ORIENTED_EDGE('',*,*,#1155,.T.);
#1543=ORIENTED_EDGE('',*,*,#1156,.F.);
#1544=ORIENTED_EDGE('',*,*,#1153,.T.);
#1545=ORIENTED_EDGE('',*,*,#1134,.F.);
#1546=ORIENTED_EDGE('',*,*,#1157,.F.);
#1547=ORIENTED_EDGE('',*,*,#1158,.F.);
#1548=ORIENTED_EDGE('',*,*,#1155,.F.);
#1549=ORIENTED_EDGE('',*,*,#1132,.F.);
#1550=ORIENTED_EDGE('',*,*,#1128,.T.);
#1551=ORIENTED_EDGE('',*,*,#1159,.F.);
#1552=ORIENTED_EDGE('',*,*,#1157,.T.);
#1553=ORIENTED_EDGE('',*,*,#1160,.T.);
#1554=ORIENTED_EDGE('',*,*,#1161,.T.);
#1555=ORIENTED_EDGE('',*,*,#1162,.T.);
#1556=ORIENTED_EDGE('',*,*,#1163,.T.);
#1557=ORIENTED_EDGE('',*,*,#1164,.T.);
#1558=ORIENTED_EDGE('',*,*,#1165,.T.);
#1559=ORIENTED_EDGE('',*,*,#1162,.F.);
#1560=ORIENTED_EDGE('',*,*,#1166,.T.);
#1561=ORIENTED_EDGE('',*,*,#1167,.T.);
#1562=ORIENTED_EDGE('',*,*,#1168,.T.);
#1563=ORIENTED_EDGE('',*,*,#1164,.F.);
#1564=ORIENTED_EDGE('',*,*,#1169,.T.);
#1565=ORIENTED_EDGE('',*,*,#1170,.T.);
#1566=ORIENTED_EDGE('',*,*,#1171,.T.);
#1567=ORIENTED_EDGE('',*,*,#1167,.F.);
#1568=ORIENTED_EDGE('',*,*,#1172,.T.);
#1569=ORIENTED_EDGE('',*,*,#1173,.T.);
#1570=ORIENTED_EDGE('',*,*,#1174,.T.);
#1571=ORIENTED_EDGE('',*,*,#1170,.F.);
#1572=ORIENTED_EDGE('',*,*,#1175,.T.);
#1573=ORIENTED_EDGE('',*,*,#1176,.T.);
#1574=ORIENTED_EDGE('',*,*,#1177,.T.);
#1575=ORIENTED_EDGE('',*,*,#1173,.F.);
#1576=ORIENTED_EDGE('',*,*,#1178,.T.);
#1577=ORIENTED_EDGE('',*,*,#1179,.T.);
#1578=ORIENTED_EDGE('',*,*,#1180,.T.);
#1579=ORIENTED_EDGE('',*,*,#1176,.F.);
#1580=ORIENTED_EDGE('',*,*,#1116,.T.);
#1581=ORIENTED_EDGE('',*,*,#1181,.T.);
#1582=ORIENTED_EDGE('',*,*,#1182,.T.);
#1583=ORIENTED_EDGE('',*,*,#1179,.F.);
#1584=ORIENTED_EDGE('',*,*,#1148,.T.);
#1585=ORIENTED_EDGE('',*,*,#1183,.T.);
#1586=ORIENTED_EDGE('',*,*,#1184,.T.);
#1587=ORIENTED_EDGE('',*,*,#1181,.F.);
#1588=ORIENTED_EDGE('',*,*,#1150,.T.);
#1589=ORIENTED_EDGE('',*,*,#1185,.T.);
#1590=ORIENTED_EDGE('',*,*,#1186,.T.);
#1591=ORIENTED_EDGE('',*,*,#1183,.F.);
#1592=ORIENTED_EDGE('',*,*,#1152,.T.);
#1593=ORIENTED_EDGE('',*,*,#1187,.T.);
#1594=ORIENTED_EDGE('',*,*,#1188,.T.);
#1595=ORIENTED_EDGE('',*,*,#1185,.F.);
#1596=ORIENTED_EDGE('',*,*,#1154,.T.);
#1597=ORIENTED_EDGE('',*,*,#1189,.T.);
#1598=ORIENTED_EDGE('',*,*,#1190,.T.);
#1599=ORIENTED_EDGE('',*,*,#1187,.F.);
#1600=ORIENTED_EDGE('',*,*,#1156,.T.);
#1601=ORIENTED_EDGE('',*,*,#1191,.T.);
#1602=ORIENTED_EDGE('',*,*,#1192,.T.);
#1603=ORIENTED_EDGE('',*,*,#1189,.F.);
#1604=ORIENTED_EDGE('',*,*,#1158,.T.);
#1605=ORIENTED_EDGE('',*,*,#1193,.T.);
#1606=ORIENTED_EDGE('',*,*,#1194,.T.);
#1607=ORIENTED_EDGE('',*,*,#1191,.F.);
#1608=ORIENTED_EDGE('',*,*,#1159,.T.);
#1609=ORIENTED_EDGE('',*,*,#1195,.T.);
#1610=ORIENTED_EDGE('',*,*,#1196,.T.);
#1611=ORIENTED_EDGE('',*,*,#1193,.F.);
#1612=ORIENTED_EDGE('',*,*,#1127,.T.);
#1613=ORIENTED_EDGE('',*,*,#1195,.F.);
#1614=ORIENTED_EDGE('',*,*,#1197,.T.);
#1615=ORIENTED_EDGE('',*,*,#1160,.F.);
#1616=ORIENTED_EDGE('',*,*,#1198,.T.);
#1617=ORIENTED_EDGE('',*,*,#1178,.F.);
#1618=ORIENTED_EDGE('',*,*,#1199,.T.);
#1619=ORIENTED_EDGE('',*,*,#1092,.F.);
#1620=ORIENTED_EDGE('',*,*,#1095,.F.);
#1621=ORIENTED_EDGE('',*,*,#1200,.F.);
#1622=ORIENTED_EDGE('',*,*,#1117,.T.);
#1623=ORIENTED_EDGE('',*,*,#1175,.F.);
#1624=ORIENTED_EDGE('',*,*,#1201,.F.);
#1625=ORIENTED_EDGE('',*,*,#1090,.F.);
#1626=ORIENTED_EDGE('',*,*,#1199,.F.);
#1627=ORIENTED_EDGE('',*,*,#1172,.F.);
#1628=ORIENTED_EDGE('',*,*,#1202,.T.);
#1629=ORIENTED_EDGE('',*,*,#1203,.F.);
#1630=ORIENTED_EDGE('',*,*,#1201,.T.);
#1631=ORIENTED_EDGE('',*,*,#1169,.F.);
#1632=ORIENTED_EDGE('',*,*,#1204,.F.);
#1633=ORIENTED_EDGE('',*,*,#1205,.F.);
#1634=ORIENTED_EDGE('',*,*,#1202,.F.);
#1635=ORIENTED_EDGE('',*,*,#1166,.F.);
#1636=ORIENTED_EDGE('',*,*,#1206,.T.);
#1637=ORIENTED_EDGE('',*,*,#1207,.F.);
#1638=ORIENTED_EDGE('',*,*,#1204,.T.);
#1639=ORIENTED_EDGE('',*,*,#1161,.F.);
#1640=ORIENTED_EDGE('',*,*,#1208,.F.);
#1641=ORIENTED_EDGE('',*,*,#1084,.F.);
#1642=ORIENTED_EDGE('',*,*,#1206,.F.);
#1643=ORIENTED_EDGE('',*,*,#1163,.F.);
#1644=ORIENTED_EDGE('',*,*,#1165,.F.);
#1645=ORIENTED_EDGE('',*,*,#1168,.F.);
#1646=ORIENTED_EDGE('',*,*,#1171,.F.);
#1647=ORIENTED_EDGE('',*,*,#1174,.F.);
#1648=ORIENTED_EDGE('',*,*,#1177,.F.);
#1649=ORIENTED_EDGE('',*,*,#1180,.F.);
#1650=ORIENTED_EDGE('',*,*,#1182,.F.);
#1651=ORIENTED_EDGE('',*,*,#1184,.F.);
#1652=ORIENTED_EDGE('',*,*,#1186,.F.);
#1653=ORIENTED_EDGE('',*,*,#1188,.F.);
#1654=ORIENTED_EDGE('',*,*,#1190,.F.);
#1655=ORIENTED_EDGE('',*,*,#1192,.F.);
#1656=ORIENTED_EDGE('',*,*,#1194,.F.);
#1657=ORIENTED_EDGE('',*,*,#1196,.F.);
#1658=ORIENTED_EDGE('',*,*,#1198,.F.);
#1659=ORIENTED_EDGE('',*,*,#1012,.T.);
#1660=ORIENTED_EDGE('',*,*,#1015,.T.);
#1661=ORIENTED_EDGE('',*,*,#1094,.F.);
#1662=ORIENTED_EDGE('',*,*,#1209,.F.);
#1663=ORIENTED_EDGE('',*,*,#1210,.F.);
#1664=ORIENTED_EDGE('',*,*,#1211,.T.);
#1665=ORIENTED_EDGE('',*,*,#1212,.T.);
#1666=ORIENTED_EDGE('',*,*,#1209,.T.);
#1667=ORIENTED_EDGE('',*,*,#1213,.T.);
#1668=ORIENTED_EDGE('',*,*,#1214,.T.);
#1669=ORIENTED_EDGE('',*,*,#1215,.T.);
#1670=ORIENTED_EDGE('',*,*,#1211,.F.);
#1671=ORIENTED_EDGE('',*,*,#1216,.T.);
#1672=ORIENTED_EDGE('',*,*,#1217,.T.);
#1673=ORIENTED_EDGE('',*,*,#1218,.T.);
#1674=ORIENTED_EDGE('',*,*,#1214,.F.);
#1675=ORIENTED_EDGE('',*,*,#1123,.T.);
#1676=ORIENTED_EDGE('',*,*,#1219,.T.);
#1677=ORIENTED_EDGE('',*,*,#1220,.T.);
#1678=ORIENTED_EDGE('',*,*,#1217,.F.);
#1679=ORIENTED_EDGE('',*,*,#1049,.T.);
#1680=ORIENTED_EDGE('',*,*,#1221,.T.);
#1681=ORIENTED_EDGE('',*,*,#1222,.T.);
#1682=ORIENTED_EDGE('',*,*,#1219,.F.);
#1683=ORIENTED_EDGE('',*,*,#1052,.T.);
#1684=ORIENTED_EDGE('',*,*,#1223,.T.);
#1685=ORIENTED_EDGE('',*,*,#1224,.T.);
#1686=ORIENTED_EDGE('',*,*,#1221,.F.);
#1687=ORIENTED_EDGE('',*,*,#1225,.T.);
#1688=ORIENTED_EDGE('',*,*,#1226,.T.);
#1689=ORIENTED_EDGE('',*,*,#1227,.T.);
#1690=ORIENTED_EDGE('',*,*,#1223,.F.);
#1691=ORIENTED_EDGE('',*,*,#1118,.T.);
#1692=ORIENTED_EDGE('',*,*,#1226,.F.);
#1693=ORIENTED_EDGE('',*,*,#1200,.T.);
#1694=ORIENTED_EDGE('',*,*,#1210,.T.);
#1695=ORIENTED_EDGE('',*,*,#1228,.T.);
#1696=ORIENTED_EDGE('',*,*,#1229,.T.);
#1697=ORIENTED_EDGE('',*,*,#1086,.T.);
#1698=ORIENTED_EDGE('',*,*,#1091,.F.);
#1699=ORIENTED_EDGE('',*,*,#1203,.T.);
#1700=ORIENTED_EDGE('',*,*,#1230,.T.);
#1701=ORIENTED_EDGE('',*,*,#1087,.T.);
#1702=ORIENTED_EDGE('',*,*,#1229,.F.);
#1703=ORIENTED_EDGE('',*,*,#1205,.T.);
#1704=ORIENTED_EDGE('',*,*,#1083,.T.);
#1705=ORIENTED_EDGE('',*,*,#1088,.T.);
#1706=ORIENTED_EDGE('',*,*,#1230,.F.);
#1707=ORIENTED_EDGE('',*,*,#1207,.T.);
#1708=ORIENTED_EDGE('',*,*,#1057,.F.);
#1709=ORIENTED_EDGE('',*,*,#1081,.F.);
#1710=ORIENTED_EDGE('',*,*,#1231,.T.);
#1711=ORIENTED_EDGE('',*,*,#1232,.T.);
#1712=ORIENTED_EDGE('',*,*,#1054,.F.);
#1713=ORIENTED_EDGE('',*,*,#1232,.F.);
#1714=ORIENTED_EDGE('',*,*,#1125,.T.);
#1715=ORIENTED_EDGE('',*,*,#1197,.F.);
#1716=ORIENTED_EDGE('',*,*,#1126,.T.);
#1717=ORIENTED_EDGE('',*,*,#1231,.F.);
#1718=ORIENTED_EDGE('',*,*,#1080,.F.);
#1719=ORIENTED_EDGE('',*,*,#1208,.T.);
#1720=ORIENTED_EDGE('',*,*,#1212,.F.);
#1721=ORIENTED_EDGE('',*,*,#1215,.F.);
#1722=ORIENTED_EDGE('',*,*,#1218,.F.);
#1723=ORIENTED_EDGE('',*,*,#1220,.F.);
#1724=ORIENTED_EDGE('',*,*,#1222,.F.);
#1725=ORIENTED_EDGE('',*,*,#1224,.F.);
#1726=ORIENTED_EDGE('',*,*,#1227,.F.);
#1727=ORIENTED_EDGE('',*,*,#1228,.F.);
#1728=ORIENTED_EDGE('',*,*,#1233,.T.);
#1729=ORIENTED_EDGE('',*,*,#1234,.T.);
#1730=ORIENTED_EDGE('',*,*,#1235,.T.);
#1731=ORIENTED_EDGE('',*,*,#1236,.T.);
#1732=ORIENTED_EDGE('',*,*,#1018,.F.);
#1733=ORIENTED_EDGE('',*,*,#1113,.T.);
#1734=ORIENTED_EDGE('',*,*,#1225,.F.);
#1735=ORIENTED_EDGE('',*,*,#1051,.T.);
#1736=ORIENTED_EDGE('',*,*,#1026,.F.);
#1737=ORIENTED_EDGE('',*,*,#1038,.F.);
#1738=ORIENTED_EDGE('',*,*,#1024,.F.);
#1739=ORIENTED_EDGE('',*,*,#1021,.F.);
#1740=ORIENTED_EDGE('',*,*,#1055,.F.);
#1741=ORIENTED_EDGE('',*,*,#1124,.T.);
#1742=ORIENTED_EDGE('',*,*,#1216,.F.);
#1743=ORIENTED_EDGE('',*,*,#1237,.T.);
#1744=ORIENTED_EDGE('',*,*,#1063,.F.);
#1745=ORIENTED_EDGE('',*,*,#1070,.F.);
#1746=ORIENTED_EDGE('',*,*,#1061,.F.);
#1747=ORIENTED_EDGE('',*,*,#1058,.F.);
#1748=ORIENTED_EDGE('',*,*,#1236,.F.);
#1749=ORIENTED_EDGE('',*,*,#1238,.F.);
#1750=ORIENTED_EDGE('',*,*,#1239,.F.);
#1751=ORIENTED_EDGE('',*,*,#1240,.T.);
#1752=ORIENTED_EDGE('',*,*,#1130,.F.);
#1753=ORIENTED_EDGE('',*,*,#1235,.F.);
#1754=ORIENTED_EDGE('',*,*,#1241,.F.);
#1755=ORIENTED_EDGE('',*,*,#1242,.F.);
#1756=ORIENTED_EDGE('',*,*,#1238,.T.);
#1757=ORIENTED_EDGE('',*,*,#1243,.T.);
#1758=ORIENTED_EDGE('',*,*,#1239,.T.);
#1759=ORIENTED_EDGE('',*,*,#1242,.T.);
#1760=ORIENTED_EDGE('',*,*,#1244,.T.);
#1761=ORIENTED_EDGE('',*,*,#1104,.F.);
#1762=ORIENTED_EDGE('',*,*,#1245,.T.);
#1763=ORIENTED_EDGE('',*,*,#1246,.F.);
#1764=ORIENTED_EDGE('',*,*,#1111,.F.);
#1765=ORIENTED_EDGE('',*,*,#1098,.F.);
#1766=ORIENTED_EDGE('',*,*,#1110,.T.);
#1767=ORIENTED_EDGE('',*,*,#1247,.F.);
#1768=ORIENTED_EDGE('',*,*,#1245,.F.);
#1769=ORIENTED_EDGE('',*,*,#1068,.F.);
#1770=ORIENTED_EDGE('',*,*,#1237,.F.);
#1771=ORIENTED_EDGE('',*,*,#1213,.F.);
#1772=ORIENTED_EDGE('',*,*,#1093,.F.);
#1773=ORIENTED_EDGE('',*,*,#1074,.F.);
#1774=ORIENTED_EDGE('',*,*,#1078,.F.);
#1775=ORIENTED_EDGE('',*,*,#1233,.F.);
#1776=ORIENTED_EDGE('',*,*,#1240,.F.);
#1777=ORIENTED_EDGE('',*,*,#1243,.F.);
#1778=ORIENTED_EDGE('',*,*,#1248,.T.);
#1779=ORIENTED_EDGE('',*,*,#1234,.F.);
#1780=ORIENTED_EDGE('',*,*,#1248,.F.);
#1781=ORIENTED_EDGE('',*,*,#1244,.F.);
#1782=ORIENTED_EDGE('',*,*,#1241,.T.);
#1783=ORIENTED_EDGE('',*,*,#1112,.T.);
#1784=ORIENTED_EDGE('',*,*,#1246,.T.);
#1785=ORIENTED_EDGE('',*,*,#1247,.T.);
#1786=ORIENTED_EDGE('',*,*,#1109,.T.);
#1787=ORIENTED_EDGE('',*,*,#1249,.T.);
#1788=ORIENTED_EDGE('',*,*,#1250,.F.);
#1789=ORIENTED_EDGE('',*,*,#1251,.T.);
#1790=ORIENTED_EDGE('',*,*,#1252,.F.);
#1791=ORIENTED_EDGE('',*,*,#1253,.F.);
#1792=ORIENTED_EDGE('',*,*,#1251,.F.);
#1793=ORIENTED_EDGE('',*,*,#1250,.T.);
#1794=ORIENTED_EDGE('',*,*,#1249,.F.);
#1795=ORIENTED_EDGE('',*,*,#1254,.T.);
#1796=ORIENTED_EDGE('',*,*,#1252,.T.);
#1797=ORIENTED_EDGE('',*,*,#1253,.T.);
#1798=ORIENTED_EDGE('',*,*,#1254,.F.);
#1799=ORIENTED_EDGE('',*,*,#1255,.T.);
#1800=ORIENTED_EDGE('',*,*,#1256,.T.);
#1801=ORIENTED_EDGE('',*,*,#1257,.F.);
#1802=ORIENTED_EDGE('',*,*,#1258,.F.);
#1803=ORIENTED_EDGE('',*,*,#1259,.T.);
#1804=ORIENTED_EDGE('',*,*,#1260,.T.);
#1805=ORIENTED_EDGE('',*,*,#1261,.T.);
#1806=ORIENTED_EDGE('',*,*,#1257,.T.);
#1807=ORIENTED_EDGE('',*,*,#1262,.T.);
#1808=ORIENTED_EDGE('',*,*,#1263,.F.);
#1809=ORIENTED_EDGE('',*,*,#1255,.F.);
#1810=ORIENTED_EDGE('',*,*,#1264,.F.);
#1811=ORIENTED_EDGE('',*,*,#1265,.F.);
#1812=ORIENTED_EDGE('',*,*,#1266,.T.);
#1813=ORIENTED_EDGE('',*,*,#1259,.F.);
#1814=ORIENTED_EDGE('',*,*,#1256,.F.);
#1815=ORIENTED_EDGE('',*,*,#1263,.T.);
#1816=ORIENTED_EDGE('',*,*,#1267,.F.);
#1817=ORIENTED_EDGE('',*,*,#1268,.F.);
#1818=ORIENTED_EDGE('',*,*,#1267,.T.);
#1819=ORIENTED_EDGE('',*,*,#1262,.F.);
#1820=ORIENTED_EDGE('',*,*,#1269,.F.);
#1821=ORIENTED_EDGE('',*,*,#1270,.F.);
#1822=ORIENTED_EDGE('',*,*,#1269,.T.);
#1823=ORIENTED_EDGE('',*,*,#1264,.T.);
#1824=ORIENTED_EDGE('',*,*,#1258,.T.);
#1825=ORIENTED_EDGE('',*,*,#1261,.F.);
#1826=ORIENTED_EDGE('',*,*,#1271,.F.);
#1827=ORIENTED_EDGE('',*,*,#1272,.F.);
#1828=ORIENTED_EDGE('',*,*,#1271,.T.);
#1829=ORIENTED_EDGE('',*,*,#1260,.F.);
#1830=ORIENTED_EDGE('',*,*,#1266,.F.);
#1831=ORIENTED_EDGE('',*,*,#1272,.T.);
#1832=ORIENTED_EDGE('',*,*,#1265,.T.);
#1833=ORIENTED_EDGE('',*,*,#1268,.T.);
#1834=ORIENTED_EDGE('',*,*,#1270,.T.);
#1835=ORIENTED_EDGE('',*,*,#1273,.T.);
#1836=ORIENTED_EDGE('',*,*,#1274,.T.);
#1837=ORIENTED_EDGE('',*,*,#1275,.T.);
#1838=ORIENTED_EDGE('',*,*,#1276,.T.);
#1839=ORIENTED_EDGE('',*,*,#1275,.F.);
#1840=ORIENTED_EDGE('',*,*,#1277,.F.);
#1841=ORIENTED_EDGE('',*,*,#1278,.F.);
#1842=ORIENTED_EDGE('',*,*,#1279,.F.);
#1843=ORIENTED_EDGE('',*,*,#1280,.F.);
#1844=ORIENTED_EDGE('',*,*,#1281,.F.);
#1845=ORIENTED_EDGE('',*,*,#1282,.F.);
#1846=ORIENTED_EDGE('',*,*,#1283,.F.);
#1847=ORIENTED_EDGE('',*,*,#1284,.F.);
#1848=ORIENTED_EDGE('',*,*,#1285,.F.);
#1849=ORIENTED_EDGE('',*,*,#1286,.F.);
#1850=ORIENTED_EDGE('',*,*,#1287,.F.);
#1851=ORIENTED_EDGE('',*,*,#1274,.F.);
#1852=ORIENTED_EDGE('',*,*,#1288,.F.);
#1853=ORIENTED_EDGE('',*,*,#1289,.F.);
#1854=ORIENTED_EDGE('',*,*,#1277,.T.);
#1855=ORIENTED_EDGE('',*,*,#1290,.T.);
#1856=ORIENTED_EDGE('',*,*,#1291,.T.);
#1857=ORIENTED_EDGE('',*,*,#1278,.T.);
#1858=ORIENTED_EDGE('',*,*,#1289,.T.);
#1859=ORIENTED_EDGE('',*,*,#1292,.T.);
#1860=ORIENTED_EDGE('',*,*,#1293,.T.);
#1861=ORIENTED_EDGE('',*,*,#1280,.T.);
#1862=ORIENTED_EDGE('',*,*,#1294,.T.);
#1863=ORIENTED_EDGE('',*,*,#1293,.F.);
#1864=ORIENTED_EDGE('',*,*,#1295,.F.);
#1865=ORIENTED_EDGE('',*,*,#1296,.F.);
#1866=ORIENTED_EDGE('',*,*,#1281,.T.);
#1867=ORIENTED_EDGE('',*,*,#1297,.T.);
#1868=ORIENTED_EDGE('',*,*,#1298,.T.);
#1869=ORIENTED_EDGE('',*,*,#1282,.T.);
#1870=ORIENTED_EDGE('',*,*,#1296,.T.);
#1871=ORIENTED_EDGE('',*,*,#1286,.T.);
#1872=ORIENTED_EDGE('',*,*,#1299,.T.);
#1873=ORIENTED_EDGE('',*,*,#1300,.T.);
#1874=ORIENTED_EDGE('',*,*,#1301,.F.);
#1875=ORIENTED_EDGE('',*,*,#1285,.T.);
#1876=ORIENTED_EDGE('',*,*,#1302,.T.);
#1877=ORIENTED_EDGE('',*,*,#1303,.T.);
#1878=ORIENTED_EDGE('',*,*,#1299,.F.);
#1879=ORIENTED_EDGE('',*,*,#1276,.F.);
#1880=ORIENTED_EDGE('',*,*,#1283,.T.);
#1881=ORIENTED_EDGE('',*,*,#1298,.F.);
#1882=ORIENTED_EDGE('',*,*,#1304,.F.);
#1883=ORIENTED_EDGE('',*,*,#1284,.T.);
#1884=ORIENTED_EDGE('',*,*,#1305,.T.);
#1885=ORIENTED_EDGE('',*,*,#1306,.T.);
#1886=ORIENTED_EDGE('',*,*,#1302,.F.);
#1887=ORIENTED_EDGE('',*,*,#1306,.F.);
#1888=ORIENTED_EDGE('',*,*,#1307,.F.);
#1889=ORIENTED_EDGE('',*,*,#1300,.F.);
#1890=ORIENTED_EDGE('',*,*,#1303,.F.);
#1891=ORIENTED_EDGE('',*,*,#1287,.T.);
#1892=ORIENTED_EDGE('',*,*,#1301,.T.);
#1893=ORIENTED_EDGE('',*,*,#1307,.T.);
#1894=ORIENTED_EDGE('',*,*,#1305,.F.);
#1895=ORIENTED_EDGE('',*,*,#1273,.F.);
#1896=ORIENTED_EDGE('',*,*,#1304,.T.);
#1897=ORIENTED_EDGE('',*,*,#1297,.F.);
#1898=ORIENTED_EDGE('',*,*,#1295,.T.);
#1899=ORIENTED_EDGE('',*,*,#1292,.F.);
#1900=ORIENTED_EDGE('',*,*,#1308,.T.);
#1901=ORIENTED_EDGE('',*,*,#1290,.F.);
#1902=ORIENTED_EDGE('',*,*,#1288,.T.);
#1903=ORIENTED_EDGE('',*,*,#1291,.F.);
#1904=ORIENTED_EDGE('',*,*,#1308,.F.);
#1905=ORIENTED_EDGE('',*,*,#1294,.F.);
#1906=ORIENTED_EDGE('',*,*,#1279,.T.);
#1907=CYLINDRICAL_SURFACE('',#2102,2.5000000372529);
#1908=CYLINDRICAL_SURFACE('',#2105,2.5000000372529);
#1909=CYLINDRICAL_SURFACE('',#2116,1.);
#1910=CYLINDRICAL_SURFACE('',#2126,1.);
#1911=CYLINDRICAL_SURFACE('',#2128,4.);
#1912=CYLINDRICAL_SURFACE('',#2139,1.);
#1913=CYLINDRICAL_SURFACE('',#2149,1.);
#1914=CYLINDRICAL_SURFACE('',#2154,1.);
#1915=CYLINDRICAL_SURFACE('',#2159,1.);
#1916=CYLINDRICAL_SURFACE('',#2161,1.);
#1917=CYLINDRICAL_SURFACE('',#2164,1.);
#1918=CYLINDRICAL_SURFACE('',#2167,1.);
#1919=CYLINDRICAL_SURFACE('',#2168,1.);
#1920=CYLINDRICAL_SURFACE('',#2178,8.85284014608262);
#1921=CYLINDRICAL_SURFACE('',#2183,1.);
#1922=CYLINDRICAL_SURFACE('',#2188,1.);
#1923=CYLINDRICAL_SURFACE('',#2193,1.);
#1924=CYLINDRICAL_SURFACE('',#2201,1.);
#1925=CYLINDRICAL_SURFACE('',#2202,4.);
#1926=CYLINDRICAL_SURFACE('',#2205,4.);
#1927=CYLINDRICAL_SURFACE('',#2208,4.);
#1928=CYLINDRICAL_SURFACE('',#2211,4.);
#1929=CYLINDRICAL_SURFACE('',#2213,1.);
#1930=CYLINDRICAL_SURFACE('',#2220,1.);
#1931=CYLINDRICAL_SURFACE('',#2226,1.);
#1932=CYLINDRICAL_SURFACE('',#2232,1.);
#1933=CYLINDRICAL_SURFACE('',#2237,1.);
#1934=CYLINDRICAL_SURFACE('',#2242,1.);
#1935=CYLINDRICAL_SURFACE('',#2247,1.);
#1936=CYLINDRICAL_SURFACE('',#2252,1.);
#1937=CYLINDRICAL_SURFACE('',#2257,4.);
#1938=CYLINDRICAL_SURFACE('',#2260,4.);
#1939=CYLINDRICAL_SURFACE('',#2263,4.);
#1940=CYLINDRICAL_SURFACE('',#2270,1.);
#1941=CYLINDRICAL_SURFACE('',#2276,1.);
#1942=CYLINDRICAL_SURFACE('',#2281,1.);
#1943=CYLINDRICAL_SURFACE('',#2287,1.);
#1944=CYLINDRICAL_SURFACE('',#2293,1.);
#1945=CYLINDRICAL_SURFACE('',#2299,1.);
#1946=CYLINDRICAL_SURFACE('',#2300,4.);
#1947=CYLINDRICAL_SURFACE('',#2302,4.);
#1948=CYLINDRICAL_SURFACE('',#2303,4.);
#1949=CYLINDRICAL_SURFACE('',#2320,4.954);
#1950=CYLINDRICAL_SURFACE('',#2329,4.);
#1951=CYLINDRICAL_SURFACE('',#2337,4.);
#1952=CYLINDRICAL_SURFACE('',#2339,4.);
#1953=CYLINDRICAL_SURFACE('',#2342,4.);
#1954=ADVANCED_FACE('',(#143),#1907,.F.);
#1955=ADVANCED_FACE('',(#144),#1908,.F.);
#1956=ADVANCED_FACE('',(#145),#131,.T.);
#1957=ADVANCED_FACE('',(#146),#132,.T.);
#1958=ADVANCED_FACE('',(#147),#133,.T.);
#1959=ADVANCED_FACE('',(#148),#82,.F.);
#1960=ADVANCED_FACE('',(#149),#1909,.F.);
#1961=ADVANCED_FACE('',(#150),#83,.F.);
#1962=ADVANCED_FACE('',(#151),#134,.T.);
#1963=ADVANCED_FACE('',(#152),#135,.T.);
#1964=ADVANCED_FACE('',(#153,#28),#38,.T.);
#1965=ADVANCED_FACE('',(#154),#1910,.T.);
#1966=ADVANCED_FACE('',(#155),#1911,.T.);
#1967=ADVANCED_FACE('',(#156),#39,.T.);
#1968=ADVANCED_FACE('',(#157),#136,.T.);
#1969=ADVANCED_FACE('',(#158),#137,.T.);
#1970=ADVANCED_FACE('',(#159),#138,.T.);
#1971=ADVANCED_FACE('',(#160),#84,.F.);
#1972=ADVANCED_FACE('',(#161),#1912,.F.);
#1973=ADVANCED_FACE('',(#162),#139,.T.);
#1974=ADVANCED_FACE('',(#163),#140,.T.);
#1975=ADVANCED_FACE('',(#164),#141,.T.);
#1976=ADVANCED_FACE('',(#165),#142,.T.);
#1977=ADVANCED_FACE('',(#166),#85,.T.);
#1978=ADVANCED_FACE('',(#167),#1913,.T.);
#1979=ADVANCED_FACE('',(#168,#29),#40,.T.);
#1980=ADVANCED_FACE('',(#169),#1914,.T.);
#1981=ADVANCED_FACE('',(#170),#86,.T.);
#1982=ADVANCED_FACE('',(#171),#1915,.T.);
#1983=ADVANCED_FACE('',(#172),#1916,.T.);
#1984=ADVANCED_FACE('',(#173),#1917,.T.);
#1985=ADVANCED_FACE('',(#174),#1918,.T.);
#1986=ADVANCED_FACE('',(#175),#1919,.T.);
#1987=ADVANCED_FACE('',(#176),#41,.F.);
#1988=ADVANCED_FACE('',(#177),#42,.F.);
#1989=ADVANCED_FACE('',(#178,#30),#43,.T.);
#1990=ADVANCED_FACE('',(#179),#87,.T.);
#1991=ADVANCED_FACE('',(#180,#31),#44,.T.);
#1992=ADVANCED_FACE('',(#181),#1920,.F.);
#1993=ADVANCED_FACE('',(#182),#88,.T.);
#1994=ADVANCED_FACE('',(#183),#1921,.T.);
#1995=ADVANCED_FACE('',(#184),#89,.T.);
#1996=ADVANCED_FACE('',(#185),#1922,.T.);
#1997=ADVANCED_FACE('',(#186),#90,.T.);
#1998=ADVANCED_FACE('',(#187),#1923,.T.);
#1999=ADVANCED_FACE('',(#188),#91,.T.);
#2000=ADVANCED_FACE('',(#189),#92,.T.);
#2001=ADVANCED_FACE('',(#190),#1924,.T.);
#2002=ADVANCED_FACE('',(#191),#1925,.T.);
#2003=ADVANCED_FACE('',(#192),#45,.T.);
#2004=ADVANCED_FACE('',(#193),#1926,.T.);
#2005=ADVANCED_FACE('',(#194),#46,.T.);
#2006=ADVANCED_FACE('',(#195),#1927,.T.);
#2007=ADVANCED_FACE('',(#196),#47,.T.);
#2008=ADVANCED_FACE('',(#197),#1928,.T.);
#2009=ADVANCED_FACE('',(#198),#1929,.T.);
#2010=ADVANCED_FACE('',(#199),#93,.T.);
#2011=ADVANCED_FACE('',(#200),#1930,.T.);
#2012=ADVANCED_FACE('',(#201),#94,.T.);
#2013=ADVANCED_FACE('',(#202),#1931,.T.);
#2014=ADVANCED_FACE('',(#203),#95,.T.);
#2015=ADVANCED_FACE('',(#204),#1932,.T.);
#2016=ADVANCED_FACE('',(#205),#96,.T.);
#2017=ADVANCED_FACE('',(#206),#1933,.T.);
#2018=ADVANCED_FACE('',(#207),#97,.T.);
#2019=ADVANCED_FACE('',(#208),#1934,.T.);
#2020=ADVANCED_FACE('',(#209),#98,.T.);
#2021=ADVANCED_FACE('',(#210),#1935,.T.);
#2022=ADVANCED_FACE('',(#211),#99,.T.);
#2023=ADVANCED_FACE('',(#212),#1936,.T.);
#2024=ADVANCED_FACE('',(#213),#100,.T.);
#2025=ADVANCED_FACE('',(#214),#1937,.T.);
#2026=ADVANCED_FACE('',(#215),#48,.T.);
#2027=ADVANCED_FACE('',(#216),#1938,.T.);
#2028=ADVANCED_FACE('',(#217),#49,.T.);
#2029=ADVANCED_FACE('',(#218),#1939,.T.);
#2030=ADVANCED_FACE('',(#219),#50,.T.);
#2031=ADVANCED_FACE('',(#220,#32,#33),#51,.F.);
#2032=ADVANCED_FACE('',(#221),#21,.T.);
#2033=ADVANCED_FACE('',(#222),#1940,.T.);
#2034=ADVANCED_FACE('',(#223),#101,.T.);
#2035=ADVANCED_FACE('',(#224),#1941,.T.);
#2036=ADVANCED_FACE('',(#225),#102,.T.);
#2037=ADVANCED_FACE('',(#226),#1942,.T.);
#2038=ADVANCED_FACE('',(#227),#103,.T.);
#2039=ADVANCED_FACE('',(#228),#1943,.T.);
#2040=ADVANCED_FACE('',(#229),#104,.T.);
#2041=ADVANCED_FACE('',(#230),#105,.T.);
#2042=ADVANCED_FACE('',(#231),#1944,.T.);
#2043=ADVANCED_FACE('',(#232),#106,.T.);
#2044=ADVANCED_FACE('',(#233),#107,.T.);
#2045=ADVANCED_FACE('',(#234),#1945,.T.);
#2046=ADVANCED_FACE('',(#235),#1946,.T.);
#2047=ADVANCED_FACE('',(#236,#34),#52,.T.);
#2048=ADVANCED_FACE('',(#237),#1947,.T.);
#2049=ADVANCED_FACE('',(#238),#1948,.T.);
#2050=ADVANCED_FACE('',(#239,#35),#53,.F.);
#2051=ADVANCED_FACE('',(#240),#54,.F.);
#2052=ADVANCED_FACE('',(#241),#55,.T.);
#2053=ADVANCED_FACE('',(#242),#56,.F.);
#2054=ADVANCED_FACE('',(#243),#57,.F.);
#2055=ADVANCED_FACE('',(#244),#58,.T.);
#2056=ADVANCED_FACE('',(#245),#59,.F.);
#2057=ADVANCED_FACE('',(#246,#36),#60,.F.);
#2058=ADVANCED_FACE('',(#247),#61,.T.);
#2059=ADVANCED_FACE('',(#248),#108,.F.);
#2060=ADVANCED_FACE('',(#249),#62,.F.);
#2061=ADVANCED_FACE('',(#250),#1949,.T.);
#2062=ADVANCED_FACE('',(#251),#63,.T.);
#2063=ADVANCED_FACE('',(#252),#64,.T.);
#2064=ADVANCED_FACE('',(#253),#65,.F.);
#2065=ADVANCED_FACE('',(#254),#66,.T.);
#2066=ADVANCED_FACE('',(#255),#67,.T.);
#2067=ADVANCED_FACE('',(#256),#68,.T.);
#2068=ADVANCED_FACE('',(#257),#69,.T.);
#2069=ADVANCED_FACE('',(#258),#70,.F.);
#2070=ADVANCED_FACE('',(#259),#1950,.T.);
#2071=ADVANCED_FACE('',(#260,#37),#71,.F.);
#2072=ADVANCED_FACE('',(#261),#72,.T.);
#2073=ADVANCED_FACE('',(#262),#1951,.T.);
#2074=ADVANCED_FACE('',(#263),#1952,.T.);
#2075=ADVANCED_FACE('',(#264),#73,.T.);
#2076=ADVANCED_FACE('',(#265),#1953,.T.);
#2077=ADVANCED_FACE('',(#266),#74,.F.);
#2078=ADVANCED_FACE('',(#267),#75,.F.);
#2079=ADVANCED_FACE('',(#268),#76,.T.);
#2080=ADVANCED_FACE('',(#269),#77,.F.);
#2081=ADVANCED_FACE('',(#270),#78,.F.);
#2082=ADVANCED_FACE('',(#271),#79,.F.);
#2083=ADVANCED_FACE('',(#272),#80,.T.);
#2084=ADVANCED_FACE('',(#273),#81,.T.);
#2085=CLOSED_SHELL('',(#1954,#1955,#1956,#1957,#1958,#1959,#1960,#1961,
#1962,#1963,#1964,#1965,#1966,#1967,#1968,#1969,#1970,#1971,#1972,#1973,
#1974,#1975,#1976,#1977,#1978,#1979,#1980,#1981,#1982,#1983,#1984,#1985,
#1986,#1987,#1988,#1989,#1990,#1991,#1992,#1993,#1994,#1995,#1996,#1997,
#1998,#1999,#2000,#2001,#2002,#2003,#2004,#2005,#2006,#2007,#2008,#2009,
#2010,#2011,#2012,#2013,#2014,#2015,#2016,#2017,#2018,#2019,#2020,#2021,
#2022,#2023,#2024,#2025,#2026,#2027,#2028,#2029,#2030,#2031,#2032,#2033,
#2034,#2035,#2036,#2037,#2038,#2039,#2040,#2041,#2042,#2043,#2044,#2045,
#2046,#2047,#2048,#2049,#2050,#2051,#2052,#2053,#2054,#2055,#2056,#2057));
#2086=CLOSED_SHELL('',(#2058,#2059,#2060,#2061));
#2087=CLOSED_SHELL('',(#2062,#2063,#2064,#2065,#2066,#2067,#2068,#2069));
#2088=CLOSED_SHELL('',(#2070,#2071,#2072,#2073,#2074,#2075,#2076,#2077,
#2078,#2079,#2080,#2081,#2082,#2083,#2084));
#2089=DERIVED_UNIT_ELEMENT(#2091,1.);
#2090=DERIVED_UNIT_ELEMENT(#4000,-3.);
#2091=(
MASS_UNIT()
NAMED_UNIT(*)
SI_UNIT(.KILO.,.GRAM.)
);
#2092=DERIVED_UNIT((#2089,#2090));
#2093=MEASURE_REPRESENTATION_ITEM('density measure',
POSITIVE_RATIO_MEASURE(7850.),#2092);
#2094=PROPERTY_DEFINITION_REPRESENTATION(#2099,#2096);
#2095=PROPERTY_DEFINITION_REPRESENTATION(#2100,#2097);
#2096=REPRESENTATION('material name',(#2098),#3997);
#2097=REPRESENTATION('density',(#2093),#3997);
#2098=DESCRIPTIVE_REPRESENTATION_ITEM('Steel','Steel');
#2099=PROPERTY_DEFINITION('material property','material name',#4007);
#2100=PROPERTY_DEFINITION('material property','density of part',#4007);
#2101=AXIS2_PLACEMENT_3D('',#3000,#2352,#2353);
#2102=AXIS2_PLACEMENT_3D('',#3001,#2354,#2355);
#2103=AXIS2_PLACEMENT_3D('',#3003,#2356,#2357);
#2104=AXIS2_PLACEMENT_3D('',#3006,#2359,#2360);
#2105=AXIS2_PLACEMENT_3D('',#3007,#2361,#2362);
#2106=AXIS2_PLACEMENT_3D('',#3009,#2363,#2364);
#2107=AXIS2_PLACEMENT_3D('',#3012,#2366,#2367);
#2108=AXIS2_PLACEMENT_3D('',#3039,#2368,#2369);
#2109=AXIS2_PLACEMENT_3D('',#3071,#2370,#2371);
#2110=AXIS2_PLACEMENT_3D('',#3102,#2372,#2373);
#2111=AXIS2_PLACEMENT_3D('',#3111,#2374,#2375);
#2112=AXIS2_PLACEMENT_3D('',#3114,#2376,#2377);
#2113=AXIS2_PLACEMENT_3D('',#3116,#2378,#2379);
#2114=AXIS2_PLACEMENT_3D('',#3118,#2380,#2381);
#2115=AXIS2_PLACEMENT_3D('',#3119,#2382,#2383);
#2116=AXIS2_PLACEMENT_3D('',#3120,#2384,#2385);
#2117=AXIS2_PLACEMENT_3D('',#3123,#2386,#2387);
#2118=AXIS2_PLACEMENT_3D('',#3126,#2390,#2391);
#2119=AXIS2_PLACEMENT_3D('',#3129,#2392,#2393);
#2120=AXIS2_PLACEMENT_3D('',#3130,#2394,#2395);
#2121=AXIS2_PLACEMENT_3D('',#3131,#2396,#2397);
#2122=AXIS2_PLACEMENT_3D('',#3245,#2398,#2399);
#2123=AXIS2_PLACEMENT_3D('',#3249,#2401,#2402);
#2124=AXIS2_PLACEMENT_3D('',#3253,#2404,#2405);
#2125=AXIS2_PLACEMENT_3D('',#3257,#2407,#2408);
#2126=AXIS2_PLACEMENT_3D('',#3259,#2410,#2411);
#2127=AXIS2_PLACEMENT_3D('',#3262,#2413,#2414);
#2128=AXIS2_PLACEMENT_3D('',#3263,#2415,#2416);
#2129=AXIS2_PLACEMENT_3D('',#3267,#2418,#2419);
#2130=AXIS2_PLACEMENT_3D('',#3269,#2421,#2422);
#2131=AXIS2_PLACEMENT_3D('',#3299,#2425,#2426);
#2132=AXIS2_PLACEMENT_3D('',#3331,#2427,#2428);
#2133=AXIS2_PLACEMENT_3D('',#3362,#2429,#2430);
#2134=AXIS2_PLACEMENT_3D('',#3371,#2431,#2432);
#2135=AXIS2_PLACEMENT_3D('',#3374,#2433,#2434);
#2136=AXIS2_PLACEMENT_3D('',#3376,#2435,#2436);
#2137=AXIS2_PLACEMENT_3D('',#3378,#2437,#2438);
#2138=AXIS2_PLACEMENT_3D('',#3379,#2439,#2440);
#2139=AXIS2_PLACEMENT_3D('',#3380,#2441,#2442);
#2140=AXIS2_PLACEMENT_3D('',#3383,#2443,#2444);
#2141=AXIS2_PLACEMENT_3D('',#3436,#2447,#2448);
#2142=AXIS2_PLACEMENT_3D('',#3443,#2449,#2450);
#2143=AXIS2_PLACEMENT_3D('',#3525,#2451,#2452);
#2144=AXIS2_PLACEMENT_3D('',#3526,#2453,#2454);
#2145=AXIS2_PLACEMENT_3D('',#3527,#2455,#2456);
#2146=AXIS2_PLACEMENT_3D('',#3529,#2457,#2458);
#2147=AXIS2_PLACEMENT_3D('',#3531,#2459,#2460);
#2148=AXIS2_PLACEMENT_3D('',#3532,#2461,#2462);
#2149=AXIS2_PLACEMENT_3D('',#3533,#2463,#2464);
#2150=AXIS2_PLACEMENT_3D('',#3537,#2466,#2467);
#2151=AXIS2_PLACEMENT_3D('',#3539,#2469,#2470);
#2152=AXIS2_PLACEMENT_3D('',#3543,#2472,#2473);
#2153=AXIS2_PLACEMENT_3D('',#3546,#2475,#2476);
#2154=AXIS2_PLACEMENT_3D('',#3547,#2477,#2478);
#2155=AXIS2_PLACEMENT_3D('',#3549,#2479,#2480);
#2156=AXIS2_PLACEMENT_3D('',#3552,#2482,#2483);
#2157=AXIS2_PLACEMENT_3D('',#3553,#2484,#2485);
#2158=AXIS2_PLACEMENT_3D('',#3554,#2486,#2487);
#2159=AXIS2_PLACEMENT_3D('',#3555,#2488,#2489);
#2160=AXIS2_PLACEMENT_3D('',#3559,#2491,#2492);
#2161=AXIS2_PLACEMENT_3D('',#3561,#2494,#2495);
#2162=AXIS2_PLACEMENT_3D('',#3566,#2497,#2498);
#2163=AXIS2_PLACEMENT_3D('',#3569,#2500,#2501);
#2164=AXIS2_PLACEMENT_3D('',#3570,#2502,#2503);
#2165=AXIS2_PLACEMENT_3D('',#3575,#2505,#2506);
#2166=AXIS2_PLACEMENT_3D('',#3578,#2508,#2509);
#2167=AXIS2_PLACEMENT_3D('',#3579,#2510,#2511);
#2168=AXIS2_PLACEMENT_3D('',#3582,#2514,#2515);
#2169=AXIS2_PLACEMENT_3D('',#3585,#2518,#2519);
#2170=AXIS2_PLACEMENT_3D('',#3591,#2523,#2524);
#2171=AXIS2_PLACEMENT_3D('',#3595,#2527,#2528);
#2172=AXIS2_PLACEMENT_3D('',#3607,#2535,#2536);
#2173=AXIS2_PLACEMENT_3D('',#3609,#2537,#2538);
#2174=AXIS2_PLACEMENT_3D('',#3611,#2539,#2540);
#2175=AXIS2_PLACEMENT_3D('',#3613,#2541,#2542);
#2176=AXIS2_PLACEMENT_3D('',#3614,#2543,#2544);
#2177=AXIS2_PLACEMENT_3D('',#3615,#2545,#2546);
#2178=AXIS2_PLACEMENT_3D('',#3626,#2553,#2554);
#2179=AXIS2_PLACEMENT_3D('',#3629,#2556,#2557);
#2180=AXIS2_PLACEMENT_3D('',#3630,#2558,#2559);
#2181=AXIS2_PLACEMENT_3D('',#3632,#2560,#2561);
#2182=AXIS2_PLACEMENT_3D('',#3633,#2562,#2563);
#2183=AXIS2_PLACEMENT_3D('',#3634,#2564,#2565);
#2184=AXIS2_PLACEMENT_3D('',#3636,#2566,#2567);
#2185=AXIS2_PLACEMENT_3D('',#3638,#2569,#2570);
#2186=AXIS2_PLACEMENT_3D('',#3640,#2571,#2572);
#2187=AXIS2_PLACEMENT_3D('',#3641,#2573,#2574);
#2188=AXIS2_PLACEMENT_3D('',#3642,#2575,#2576);
#2189=AXIS2_PLACEMENT_3D('',#3644,#2577,#2578);
#2190=AXIS2_PLACEMENT_3D('',#3646,#2580,#2581);
#2191=AXIS2_PLACEMENT_3D('',#3648,#2582,#2583);
#2192=AXIS2_PLACEMENT_3D('',#3649,#2584,#2585);
#2193=AXIS2_PLACEMENT_3D('',#3650,#2586,#2587);
#2194=AXIS2_PLACEMENT_3D('',#3653,#2589,#2590);
#2195=AXIS2_PLACEMENT_3D('',#3654,#2591,#2592);
#2196=AXIS2_PLACEMENT_3D('',#3656,#2593,#2594);
#2197=AXIS2_PLACEMENT_3D('',#3657,#2595,#2596);
#2198=AXIS2_PLACEMENT_3D('',#3658,#2597,#2598);
#2199=AXIS2_PLACEMENT_3D('',#3659,#2599,#2600);
#2200=AXIS2_PLACEMENT_3D('',#3660,#2601,#2602);
#2201=AXIS2_PLACEMENT_3D('',#3661,#2603,#2604);
#2202=AXIS2_PLACEMENT_3D('',#3662,#2605,#2606);
#2203=AXIS2_PLACEMENT_3D('',#3665,#2608,#2609);
#2204=AXIS2_PLACEMENT_3D('',#3666,#2610,#2611);
#2205=AXIS2_PLACEMENT_3D('',#3670,#2614,#2615);
#2206=AXIS2_PLACEMENT_3D('',#3673,#2617,#2618);
#2207=AXIS2_PLACEMENT_3D('',#3674,#2619,#2620);
#2208=AXIS2_PLACEMENT_3D('',#3678,#2623,#2624);
#2209=AXIS2_PLACEMENT_3D('',#3681,#2626,#2627);
#2210=AXIS2_PLACEMENT_3D('',#3682,#2628,#2629);
#2211=AXIS2_PLACEMENT_3D('',#3686,#2632,#2633);
#2212=AXIS2_PLACEMENT_3D('',#3687,#2634,#2635);
#2213=AXIS2_PLACEMENT_3D('',#3688,#2636,#2637);
#2214=AXIS2_PLACEMENT_3D('',#3691,#2638,#2639);
#2215=AXIS2_PLACEMENT_3D('',#3695,#2641,#2642);
#2216=AXIS2_PLACEMENT_3D('',#3697,#2644,#2645);
#2217=AXIS2_PLACEMENT_3D('',#3700,#2646,#2647);
#2218=AXIS2_PLACEMENT_3D('',#3701,#2648,#2649);
#2219=AXIS2_PLACEMENT_3D('',#3702,#2650,#2651);
#2220=AXIS2_PLACEMENT_3D('',#3703,#2652,#2653);
#2221=AXIS2_PLACEMENT_3D('',#3706,#2654,#2655);
#2222=AXIS2_PLACEMENT_3D('',#3709,#2658,#2659);
#2223=AXIS2_PLACEMENT_3D('',#3712,#2660,#2661);
#2224=AXIS2_PLACEMENT_3D('',#3713,#2662,#2663);
#2225=AXIS2_PLACEMENT_3D('',#3714,#2664,#2665);
#2226=AXIS2_PLACEMENT_3D('',#3715,#2666,#2667);
#2227=AXIS2_PLACEMENT_3D('',#3718,#2668,#2669);
#2228=AXIS2_PLACEMENT_3D('',#3721,#2672,#2673);
#2229=AXIS2_PLACEMENT_3D('',#3723,#2674,#2675);
#2230=AXIS2_PLACEMENT_3D('',#3724,#2676,#2677);
#2231=AXIS2_PLACEMENT_3D('',#3725,#2678,#2679);
#2232=AXIS2_PLACEMENT_3D('',#3726,#2680,#2681);
#2233=AXIS2_PLACEMENT_3D('',#3728,#2682,#2683);
#2234=AXIS2_PLACEMENT_3D('',#3730,#2685,#2686);
#2235=AXIS2_PLACEMENT_3D('',#3732,#2687,#2688);
#2236=AXIS2_PLACEMENT_3D('',#3733,#2689,#2690);
#2237=AXIS2_PLACEMENT_3D('',#3734,#2691,#2692);
#2238=AXIS2_PLACEMENT_3D('',#3736,#2693,#2694);
#2239=AXIS2_PLACEMENT_3D('',#3738,#2696,#2697);
#2240=AXIS2_PLACEMENT_3D('',#3740,#2698,#2699);
#2241=AXIS2_PLACEMENT_3D('',#3741,#2700,#2701);
#2242=AXIS2_PLACEMENT_3D('',#3742,#2702,#2703);
#2243=AXIS2_PLACEMENT_3D('',#3744,#2704,#2705);
#2244=AXIS2_PLACEMENT_3D('',#3746,#2707,#2708);
#2245=AXIS2_PLACEMENT_3D('',#3748,#2709,#2710);
#2246=AXIS2_PLACEMENT_3D('',#3749,#2711,#2712);
#2247=AXIS2_PLACEMENT_3D('',#3750,#2713,#2714);
#2248=AXIS2_PLACEMENT_3D('',#3752,#2715,#2716);
#2249=AXIS2_PLACEMENT_3D('',#3754,#2718,#2719);
#2250=AXIS2_PLACEMENT_3D('',#3756,#2720,#2721);
#2251=AXIS2_PLACEMENT_3D('',#3757,#2722,#2723);
#2252=AXIS2_PLACEMENT_3D('',#3758,#2724,#2725);
#2253=AXIS2_PLACEMENT_3D('',#3760,#2726,#2727);
#2254=AXIS2_PLACEMENT_3D('',#3762,#2729,#2730);
#2255=AXIS2_PLACEMENT_3D('',#3763,#2731,#2732);
#2256=AXIS2_PLACEMENT_3D('',#3764,#2733,#2734);
#2257=AXIS2_PLACEMENT_3D('',#3765,#2735,#2736);
#2258=AXIS2_PLACEMENT_3D('',#3767,#2738,#2739);
#2259=AXIS2_PLACEMENT_3D('',#3768,#2740,#2741);
#2260=AXIS2_PLACEMENT_3D('',#3770,#2743,#2744);
#2261=AXIS2_PLACEMENT_3D('',#3773,#2746,#2747);
#2262=AXIS2_PLACEMENT_3D('',#3774,#2748,#2749);
#2263=AXIS2_PLACEMENT_3D('',#3778,#2752,#2753);
#2264=AXIS2_PLACEMENT_3D('',#3780,#2755,#2756);
#2265=AXIS2_PLACEMENT_3D('',#3781,#2757,#2758);
#2266=AXIS2_PLACEMENT_3D('',#3783,#2760,#2761);
#2267=AXIS2_PLACEMENT_3D('',#3784,#2762,#2763);
#2268=AXIS2_PLACEMENT_3D('',#3786,#2764,#2765);
#2269=AXIS2_PLACEMENT_3D('',#3787,#2766,#2767);
#2270=AXIS2_PLACEMENT_3D('',#3788,#2768,#2769);
#2271=AXIS2_PLACEMENT_3D('',#3791,#2770,#2771);
#2272=AXIS2_PLACEMENT_3D('',#3794,#2774,#2775);
#2273=AXIS2_PLACEMENT_3D('',#3796,#2776,#2777);
#2274=AXIS2_PLACEMENT_3D('',#3797,#2778,#2779);
#2275=AXIS2_PLACEMENT_3D('',#3798,#2780,#2781);
#2276=AXIS2_PLACEMENT_3D('',#3799,#2782,#2783);
#2277=AXIS2_PLACEMENT_3D('',#3801,#2784,#2785);
#2278=AXIS2_PLACEMENT_3D('',#3803,#2787,#2788);
#2279=AXIS2_PLACEMENT_3D('',#3805,#2789,#2790);
#2280=AXIS2_PLACEMENT_3D('',#3806,#2791,#2792);
#2281=AXIS2_PLACEMENT_3D('',#3807,#2793,#2794);
#2282=AXIS2_PLACEMENT_3D('',#3809,#2795,#2796);
#2283=AXIS2_PLACEMENT_3D('',#3811,#2798,#2799);
#2284=AXIS2_PLACEMENT_3D('',#3813,#2800,#2801);
#2285=AXIS2_PLACEMENT_3D('',#3814,#2802,#2803);
#2286=AXIS2_PLACEMENT_3D('',#3815,#2804,#2805);
#2287=AXIS2_PLACEMENT_3D('',#3816,#2806,#2807);
#2288=AXIS2_PLACEMENT_3D('',#3818,#2808,#2809);
#2289=AXIS2_PLACEMENT_3D('',#3820,#2811,#2812);
#2290=AXIS2_PLACEMENT_3D('',#3821,#2813,#2814);
#2291=AXIS2_PLACEMENT_3D('',#3822,#2815,#2816);
#2292=AXIS2_PLACEMENT_3D('',#3823,#2817,#2818);
#2293=AXIS2_PLACEMENT_3D('',#3824,#2819,#2820);
#2294=AXIS2_PLACEMENT_3D('',#3825,#2821,#2822);
#2295=AXIS2_PLACEMENT_3D('',#3826,#2823,#2824);
#2296=AXIS2_PLACEMENT_3D('',#3827,#2825,#2826);
#2297=AXIS2_PLACEMENT_3D('',#3828,#2827,#2828);
#2298=AXIS2_PLACEMENT_3D('',#3829,#2829,#2830);
#2299=AXIS2_PLACEMENT_3D('',#3830,#2831,#2832);
#2300=AXIS2_PLACEMENT_3D('',#3831,#2833,#2834);
#2301=AXIS2_PLACEMENT_3D('',#3832,#2835,#2836);
#2302=AXIS2_PLACEMENT_3D('',#3841,#2841,#2842);
#2303=AXIS2_PLACEMENT_3D('',#3842,#2843,#2844);
#2304=AXIS2_PLACEMENT_3D('',#3844,#2846,#2847);
#2305=AXIS2_PLACEMENT_3D('',#3850,#2851,#2852);
#2306=AXIS2_PLACEMENT_3D('',#3854,#2855,#2856);
#2307=AXIS2_PLACEMENT_3D('',#3858,#2859,#2860);
#2308=AXIS2_PLACEMENT_3D('',#3862,#2863,#2864);
#2309=AXIS2_PLACEMENT_3D('',#3864,#2866,#2867);
#2310=AXIS2_PLACEMENT_3D('',#3865,#2868,#2869);
#2311=AXIS2_PLACEMENT_3D('',#3867,#2871,#2872);
#2312=AXIS2_PLACEMENT_3D('',#3868,#2873,#2874);
#2313=AXIS2_PLACEMENT_3D('',#3870,#2875,#2876);
#2314=AXIS2_PLACEMENT_3D('',#3871,#2877,#2878);
#2315=AXIS2_PLACEMENT_3D('',#3873,#2879,#2880);
#2316=AXIS2_PLACEMENT_3D('',#3875,#2881,#2882);
#2317=AXIS2_PLACEMENT_3D('',#3877,#2883,#2884);
#2318=AXIS2_PLACEMENT_3D('',#3878,#2885,#2886);
#2319=AXIS2_PLACEMENT_3D('',#3879,#2887,#2888);
#2320=AXIS2_PLACEMENT_3D('',#3880,#2889,#2890);
#2321=AXIS2_PLACEMENT_3D('',#3882,#2892,#2893);
#2322=AXIS2_PLACEMENT_3D('',#3891,#2898,#2899);
#2323=AXIS2_PLACEMENT_3D('',#3897,#2903,#2904);
#2324=AXIS2_PLACEMENT_3D('',#3903,#2908,#2909);
#2325=AXIS2_PLACEMENT_3D('',#3909,#2913,#2914);
#2326=AXIS2_PLACEMENT_3D('',#3913,#2917,#2918);
#2327=AXIS2_PLACEMENT_3D('',#3917,#2921,#2922);
#2328=AXIS2_PLACEMENT_3D('',#3919,#2924,#2925);
#2329=AXIS2_PLACEMENT_3D('',#3920,#2926,#2927);
#2330=AXIS2_PLACEMENT_3D('',#3923,#2928,#2929);
#2331=AXIS2_PLACEMENT_3D('',#3927,#2931,#2932);
#2332=AXIS2_PLACEMENT_3D('',#3929,#2934,#2935);
#2333=AXIS2_PLACEMENT_3D('',#3933,#2937,#2938);
#2334=AXIS2_PLACEMENT_3D('',#3937,#2940,#2941);
#2335=AXIS2_PLACEMENT_3D('',#3941,#2943,#2944);
#2336=AXIS2_PLACEMENT_3D('',#3951,#2950,#2951);
#2337=AXIS2_PLACEMENT_3D('',#3955,#2954,#2955);
#2338=AXIS2_PLACEMENT_3D('',#3957,#2956,#2957);
#2339=AXIS2_PLACEMENT_3D('',#3959,#2959,#2960);
#2340=AXIS2_PLACEMENT_3D('',#3962,#2961,#2962);
#2341=AXIS2_PLACEMENT_3D('',#3965,#2965,#2966);
#2342=AXIS2_PLACEMENT_3D('',#3969,#2969,#2970);
#2343=AXIS2_PLACEMENT_3D('',#3971,#2971,#2972);
#2344=AXIS2_PLACEMENT_3D('',#3973,#2974,#2975);
#2345=AXIS2_PLACEMENT_3D('',#3979,#2979,#2980);
#2346=AXIS2_PLACEMENT_3D('',#3983,#2983,#2984);
#2347=AXIS2_PLACEMENT_3D('',#3985,#2986,#2987);
#2348=AXIS2_PLACEMENT_3D('',#3989,#2990,#2991);
#2349=AXIS2_PLACEMENT_3D('',#3991,#2993,#2994);
#2350=AXIS2_PLACEMENT_3D('',#3992,#2995,#2996);
#2351=AXIS2_PLACEMENT_3D('',#3994,#2998,#2999);
#2352=DIRECTION('axis',(0.,0.,1.));
#2353=DIRECTION('refdir',(1.,0.,0.));
#2354=DIRECTION('center_axis',(0.,0.,-1.));
#2355=DIRECTION('ref_axis',(-1.,0.,0.));
#2356=DIRECTION('center_axis',(0.,0.,-1.));
#2357=DIRECTION('ref_axis',(-1.,0.,0.));
#2358=DIRECTION('',(0.,0.,-1.));
#2359=DIRECTION('center_axis',(0.,0.,1.));
#2360=DIRECTION('ref_axis',(-1.,0.,0.));
#2361=DIRECTION('center_axis',(0.,0.,-1.));
#2362=DIRECTION('ref_axis',(-1.,0.,0.));
#2363=DIRECTION('center_axis',(0.,0.,-1.));
#2364=DIRECTION('ref_axis',(-1.,0.,0.));
#2365=DIRECTION('',(0.,0.,-1.));
#2366=DIRECTION('center_axis',(0.,0.,1.));
#2367=DIRECTION('ref_axis',(-1.,0.,0.));
#2368=DIRECTION('center_axis',(-0.424044609269819,-0.799350373319126,0.425705473330776));
#2369=DIRECTION('ref_axis',(-0.883394996405976,0.468629150101533,0.));
#2370=DIRECTION('center_axis',(-0.528980335975296,-0.786192938502291,0.319500340532833));
#2371=DIRECTION('ref_axis',(-0.829679633274556,0.558239828505095,0.));
#2372=DIRECTION('center_axis',(-0.901424687818136,-0.432819217481636,0.0100527195603986));
#2373=DIRECTION('ref_axis',(-0.432841088882087,0.901470238984831,0.));
#2374=DIRECTION('center_axis',(0.,0.,-1.));
#2375=DIRECTION('ref_axis',(-1.,0.,0.));
#2376=DIRECTION('center_axis',(0.916016344924922,0.40114094260046,1.78142364237948E-15));
#2377=DIRECTION('ref_axis',(0.,4.44089209850063E-15,-1.));
#2378=DIRECTION('center_axis',(0.,0.,-1.));
#2379=DIRECTION('ref_axis',(0.408458794006195,-0.912776760001593,0.));
#2380=DIRECTION('center_axis',(-1.,0.,0.));
#2381=DIRECTION('ref_axis',(0.,1.,0.));
#2382=DIRECTION('center_axis',(0.,0.,1.));
#2383=DIRECTION('ref_axis',(0.408458794006195,-0.912776760001593,0.));
#2384=DIRECTION('center_axis',(-1.,0.,0.));
#2385=DIRECTION('ref_axis',(0.,0.707106781186549,-0.707106781186546));
#2386=DIRECTION('center_axis',(-1.,-1.66533453693773E-15,0.));
#2387=DIRECTION('ref_axis',(-1.66533453693773E-15,1.,0.));
#2388=DIRECTION('',(1.,0.,0.));
#2389=DIRECTION('',(-1.,0.,0.));
#2390=DIRECTION('center_axis',(0.,0.,1.));
#2391=DIRECTION('ref_axis',(1.,0.,0.));
#2392=DIRECTION('center_axis',(-0.799999999999999,0.600000000000002,-6.66133814775093E-16));
#2393=DIRECTION('ref_axis',(0.600000000000002,0.799999999999999,0.));
#2394=DIRECTION('center_axis',(0.,0.,1.));
#2395=DIRECTION('ref_axis',(-0.411437827766148,-0.911437827766148,0.));
#2396=DIRECTION('center_axis',(0.,0.,-1.));
#2397=DIRECTION('ref_axis',(-0.411437827766148,-0.911437827766148,0.));
#2398=DIRECTION('center_axis',(0.,0.,1.));
#2399=DIRECTION('ref_axis',(1.,0.,0.));
#2400=DIRECTION('',(-2.9974034627485E-16,1.,0.));
#2401=DIRECTION('center_axis',(0.,0.,-1.));
#2402=DIRECTION('ref_axis',(-0.923879532511287,-0.38268343236509,0.));
#2403=DIRECTION('',(-0.707106781186548,0.707106781186547,0.));
#2404=DIRECTION('center_axis',(0.,0.,-1.));
#2405=DIRECTION('ref_axis',(-0.382683432365089,-0.923879532511287,0.));
#2406=DIRECTION('',(-1.,-6.55813971186742E-17,0.));
#2407=DIRECTION('center_axis',(0.,0.,-1.));
#2408=DIRECTION('ref_axis',(0.38268343236509,-0.923879532511287,0.));
#2409=DIRECTION('',(-0.707106781186547,-0.707106781186548,0.));
#2410=DIRECTION('center_axis',(2.9974034627485E-16,-1.,0.));
#2411=DIRECTION('ref_axis',(-0.707106781186547,0.,0.707106781186548));
#2412=DIRECTION('',(2.9974034627485E-16,-1.,0.));
#2413=DIRECTION('center_axis',(0.,1.,0.));
#2414=DIRECTION('ref_axis',(-1.,0.,0.));
#2415=DIRECTION('center_axis',(0.,0.,1.));
#2416=DIRECTION('ref_axis',(-0.707106781186547,-0.707106781186548,0.));
#2417=DIRECTION('',(0.,0.,1.));
#2418=DIRECTION('center_axis',(0.,0.,1.));
#2419=DIRECTION('ref_axis',(-0.707106781186547,-0.707106781186548,0.));
#2420=DIRECTION('',(0.,0.,-1.));
#2421=DIRECTION('center_axis',(0.,-1.,0.));
#2422=DIRECTION('ref_axis',(1.,0.,0.));
#2423=DIRECTION('',(0.,0.,-1.));
#2424=DIRECTION('',(1.,0.,0.));
#2425=DIRECTION('center_axis',(0.424044609269801,0.799350373319122,0.425705473330802));
#2426=DIRECTION('ref_axis',(0.883394996405984,-0.468629150101519,0.));
#2427=DIRECTION('center_axis',(0.528980335975328,0.786192938502292,0.319500340532778));
#2428=DIRECTION('ref_axis',(0.829679633274542,-0.558239828505117,0.));
#2429=DIRECTION('center_axis',(0.901424687818124,0.432819217481661,0.0100527195604347));
#2430=DIRECTION('ref_axis',(0.432841088882113,-0.901470238984819,0.));
#2431=DIRECTION('center_axis',(0.,0.,-1.));
#2432=DIRECTION('ref_axis',(-1.,0.,0.));
#2433=DIRECTION('center_axis',(-0.916016344924921,-0.401140942600463,-6.10189462241176E-15));
#2434=DIRECTION('ref_axis',(6.66133814775094E-15,0.,-1.));
#2435=DIRECTION('center_axis',(0.,0.,-1.));
#2436=DIRECTION('ref_axis',(-0.408458794006197,0.912776760001592,0.));
#2437=DIRECTION('center_axis',(1.,0.,0.));
#2438=DIRECTION('ref_axis',(0.,-1.,0.));
#2439=DIRECTION('center_axis',(0.,0.,1.));
#2440=DIRECTION('ref_axis',(-0.408458794006197,0.912776760001591,0.));
#2441=DIRECTION('center_axis',(1.,0.,0.));
#2442=DIRECTION('ref_axis',(0.,-0.707106781186553,-0.707106781186542));
#2443=DIRECTION('center_axis',(1.,0.,0.));
#2444=DIRECTION('ref_axis',(0.,-1.,0.));
#2445=DIRECTION('',(-1.,0.,0.));
#2446=DIRECTION('',(1.,0.,0.));
#2447=DIRECTION('center_axis',(0.92802491051188,0.,-0.372518141127942));
#2448=DIRECTION('ref_axis',(0.,-1.,0.));
#2449=DIRECTION('center_axis',(-0.960605556345428,0.,0.277915392013991));
#2450=DIRECTION('ref_axis',(-0.267766952886104,-0.267766952970233,-0.925527805005948));
#2451=DIRECTION('center_axis',(-0.316227766016838,-0.948683298050514,0.));
#2452=DIRECTION('ref_axis',(0.948683298050514,-0.316227766016838,0.));
#2453=DIRECTION('center_axis',(0.,1.,0.));
#2454=DIRECTION('ref_axis',(1.,0.,0.));
#2455=DIRECTION('center_axis',(0.,0.,-1.));
#2456=DIRECTION('ref_axis',(-1.,0.,0.));
#2457=DIRECTION('center_axis',(0.707106781186557,0.707106781186538,0.));
#2458=DIRECTION('ref_axis',(-0.707106781186538,0.707106781186557,0.));
#2459=DIRECTION('center_axis',(0.,0.,1.));
#2460=DIRECTION('ref_axis',(-0.923879532511287,0.382683432365089,0.));
#2461=DIRECTION('center_axis',(0.107381852761499,0.99421785223235,-1.49022256703406E-16));
#2462=DIRECTION('ref_axis',(-0.99421785223235,0.107381852761499,0.));
#2463=DIRECTION('center_axis',(-0.707106781186548,-0.707106781186547,0.));
#2464=DIRECTION('ref_axis',(-0.499999999999991,0.500000000000019,0.70710678118654));
#2465=DIRECTION('',(0.707106781186548,0.707106781186547,0.));
#2466=DIRECTION('center_axis',(0.707106781186549,0.707106781186546,0.));
#2467=DIRECTION('ref_axis',(-0.707106781186546,0.707106781186549,0.));
#2468=DIRECTION('',(-0.707106781186548,-0.707106781186547,0.));
#2469=DIRECTION('center_axis',(0.,0.,1.));
#2470=DIRECTION('ref_axis',(1.,0.,0.));
#2471=DIRECTION('',(0.707106781186548,-0.707106781186547,0.));
#2472=DIRECTION('center_axis',(0.,0.,-1.));
#2473=DIRECTION('ref_axis',(0.382683432365091,0.923879532511286,0.));
#2474=DIRECTION('',(1.,0.,0.));
#2475=DIRECTION('center_axis',(0.,0.,-1.));
#2476=DIRECTION('ref_axis',(-0.382683432365093,0.923879532511286,0.));
#2477=DIRECTION('center_axis',(-0.707106781186548,0.707106781186547,0.));
#2478=DIRECTION('ref_axis',(0.499999999999993,0.500000000000018,0.707106781186539));
#2479=DIRECTION('center_axis',(0.707106781186548,-0.707106781186548,0.));
#2480=DIRECTION('ref_axis',(0.707106781186548,0.707106781186548,0.));
#2481=DIRECTION('',(-0.707106781186548,0.707106781186547,0.));
#2482=DIRECTION('center_axis',(0.707106781186539,-0.707106781186556,0.));
#2483=DIRECTION('ref_axis',(0.707106781186556,0.707106781186539,0.));
#2484=DIRECTION('center_axis',(0.,0.,-1.));
#2485=DIRECTION('ref_axis',(-1.,0.,0.));
#2486=DIRECTION('center_axis',(0.,0.,1.));
#2487=DIRECTION('ref_axis',(0.82179712645279,0.569780205828473,0.));
#2488=DIRECTION('center_axis',(0.,0.,1.));
#2489=DIRECTION('ref_axis',(0.624919428207564,0.780689252038691,0.));
#2490=DIRECTION('',(0.,0.,1.));
#2491=DIRECTION('center_axis',(0.,0.,1.));
#2492=DIRECTION('ref_axis',(0.,1.,0.));
#2493=DIRECTION('',(0.,0.,-1.));
#2494=DIRECTION('center_axis',(0.,0.,1.));
#2495=DIRECTION('ref_axis',(0.707106781186554,0.707106781186541,0.));
#2496=DIRECTION('',(0.,0.,-1.));
#2497=DIRECTION('center_axis',(0.,-0.707106781186548,0.707106781186547));
#2498=DIRECTION('ref_axis',(0.,-0.707106781186547,-0.707106781186548));
#2499=DIRECTION('',(0.,0.,1.));
#2500=DIRECTION('center_axis',(0.,0.707106781186549,0.707106781186546));
#2501=DIRECTION('ref_axis',(0.,-0.707106781186546,0.707106781186549));
#2502=DIRECTION('center_axis',(0.,0.,-1.));
#2503=DIRECTION('ref_axis',(0.70710678118656,-0.707106781186535,0.));
#2504=DIRECTION('',(0.,0.,1.));
#2505=DIRECTION('center_axis',(1.25607396694701E-14,0.707106781186549,-0.707106781186546));
#2506=DIRECTION('ref_axis',(1.256073966947E-14,0.707106781186546,0.707106781186549));
#2507=DIRECTION('',(0.,0.,-1.));
#2508=DIRECTION('center_axis',(-7.85046229341875E-16,0.707106781186549,
0.707106781186546));
#2509=DIRECTION('ref_axis',(7.85046229341872E-16,-0.707106781186546,0.707106781186549));
#2510=DIRECTION('center_axis',(0.,1.,0.));
#2511=DIRECTION('ref_axis',(0.707106781186554,0.,-0.707106781186541));
#2512=DIRECTION('',(0.,1.,0.));
#2513=DIRECTION('',(0.,-1.,0.));
#2514=DIRECTION('center_axis',(0.,-1.,-9.73879846162418E-18));
#2515=DIRECTION('ref_axis',(0.707106781186553,0.,0.707106781186542));
#2516=DIRECTION('',(0.,1.,9.73879846162418E-18));
#2517=DIRECTION('',(0.,-1.,-9.73879846162418E-18));
#2518=DIRECTION('center_axis',(0.,9.73879846162418E-18,-1.));
#2519=DIRECTION('ref_axis',(0.,-1.,-9.73879846162418E-18));
#2520=DIRECTION('',(-1.,0.,0.));
#2521=DIRECTION('',(0.,1.,9.73879846162418E-18));
#2522=DIRECTION('',(-1.,0.,0.));
#2523=DIRECTION('center_axis',(0.,1.,0.));
#2524=DIRECTION('ref_axis',(0.,0.,-1.));
#2525=DIRECTION('',(-1.,0.,0.));
#2526=DIRECTION('',(0.,0.,1.));
#2527=DIRECTION('center_axis',(1.,0.,0.));
#2528=DIRECTION('ref_axis',(0.,1.,0.));
#2529=DIRECTION('',(0.,0.,1.));
#2530=DIRECTION('',(0.,1.,0.));
#2531=DIRECTION('',(0.,0.,1.));
#2532=DIRECTION('',(0.,-1.,0.));
#2533=DIRECTION('',(0.,0.,-1.));
#2534=DIRECTION('',(0.,1.,0.));
#2535=DIRECTION('center_axis',(1.,2.9974034627485E-16,0.));
#2536=DIRECTION('ref_axis',(0.,0.,-1.));
#2537=DIRECTION('center_axis',(-1.,-2.9974034627485E-16,0.));
#2538=DIRECTION('ref_axis',(-2.9974034627485E-16,1.,0.));
#2539=DIRECTION('center_axis',(2.9974034627485E-16,-1.,0.));
#2540=DIRECTION('ref_axis',(0.,0.,1.));
#2541=DIRECTION('center_axis',(1.,2.9974034627485E-16,0.));
#2542=DIRECTION('ref_axis',(-2.97845622418872E-16,1.,0.));
#2543=DIRECTION('center_axis',(1.,2.9974034627485E-16,0.));
#2544=DIRECTION('ref_axis',(-2.97845622418872E-16,1.,0.));
#2545=DIRECTION('center_axis',(-1.,-2.9974034627485E-16,0.));
#2546=DIRECTION('ref_axis',(2.9974034627485E-16,-1.,0.));
#2547=DIRECTION('',(2.9974034627485E-16,-1.,0.));
#2548=DIRECTION('',(0.,0.,1.));
#2549=DIRECTION('',(2.9974034627485E-16,-1.,0.));
#2550=DIRECTION('',(0.,0.,1.));
#2551=DIRECTION('',(-2.9974034627485E-16,1.,0.));
#2552=DIRECTION('',(0.,0.,-1.));
#2553=DIRECTION('center_axis',(1.,0.,0.));
#2554=DIRECTION('ref_axis',(0.,1.,0.));
#2555=DIRECTION('',(1.,0.,0.));
#2556=DIRECTION('center_axis',(1.,2.9974034627485E-16,0.));
#2557=DIRECTION('ref_axis',(0.,1.,0.));
#2558=DIRECTION('center_axis',(0.,0.,-1.));
#2559=DIRECTION('ref_axis',(-1.,0.,0.));
#2560=DIRECTION('center_axis',(-0.707106781186548,0.707106781186548,0.));
#2561=DIRECTION('ref_axis',(-0.707106781186548,-0.707106781186548,0.));
#2562=DIRECTION('center_axis',(0.,0.,1.));
#2563=DIRECTION('ref_axis',(-0.923879532511287,-0.38268343236509,0.));
#2564=DIRECTION('center_axis',(0.707106781186548,-0.707106781186547,0.));
#2565=DIRECTION('ref_axis',(-0.499999999999996,-0.499999999999996,0.707106781186553));
#2566=DIRECTION('center_axis',(-0.707106781186544,0.707106781186551,0.));
#2567=DIRECTION('ref_axis',(-0.707106781186551,-0.707106781186544,0.));
#2568=DIRECTION('',(0.707106781186548,-0.707106781186547,0.));
#2569=DIRECTION('center_axis',(0.,0.,-1.));
#2570=DIRECTION('ref_axis',(-1.,0.,0.));
#2571=DIRECTION('center_axis',(-1.,0.,0.));
#2572=DIRECTION('ref_axis',(0.,-1.,0.));
#2573=DIRECTION('center_axis',(0.,0.,1.));
#2574=DIRECTION('ref_axis',(-0.382683432365089,-0.923879532511287,0.));
#2575=DIRECTION('center_axis',(1.,6.55813971186742E-17,0.));
#2576=DIRECTION('ref_axis',(0.,-0.707106781186546,0.707106781186549));
#2577=DIRECTION('center_axis',(-1.,0.,0.));
#2578=DIRECTION('ref_axis',(0.,-1.,0.));
#2579=DIRECTION('',(1.,6.55813971186742E-17,0.));
#2580=DIRECTION('center_axis',(0.,0.,-1.));
#2581=DIRECTION('ref_axis',(-1.,0.,0.));
#2582=DIRECTION('center_axis',(-0.707106781186548,-0.707106781186548,0.));
#2583=DIRECTION('ref_axis',(0.707106781186548,-0.707106781186548,0.));
#2584=DIRECTION('center_axis',(0.,0.,1.));
#2585=DIRECTION('ref_axis',(0.38268343236509,-0.923879532511287,0.));
#2586=DIRECTION('center_axis',(0.707106781186547,0.707106781186548,0.));
#2587=DIRECTION('ref_axis',(0.499999999999999,-0.499999999999999,0.707106781186548));
#2588=DIRECTION('',(0.707106781186547,0.707106781186548,0.));
#2589=DIRECTION('center_axis',(-0.707106781186543,-0.707106781186552,0.));
#2590=DIRECTION('ref_axis',(0.707106781186552,-0.707106781186543,0.));
#2591=DIRECTION('center_axis',(0.,0.,-1.));
#2592=DIRECTION('ref_axis',(-1.,0.,0.));
#2593=DIRECTION('center_axis',(0.,0.,1.));
#2594=DIRECTION('ref_axis',(0.923879532511286,-0.382683432365091,0.));
#2595=DIRECTION('center_axis',(-0.107381852761472,-0.994217852232353,0.));
#2596=DIRECTION('ref_axis',(0.994217852232353,-0.107381852761472,0.));
#2597=DIRECTION('center_axis',(0.,0.,1.));
#2598=DIRECTION('ref_axis',(1.,0.,0.));
#2599=DIRECTION('center_axis',(0.,0.,1.));
#2600=DIRECTION('ref_axis',(1.,0.,0.));
#2601=DIRECTION('center_axis',(0.,-1.,0.));
#2602=DIRECTION('ref_axis',(1.,0.,0.));
#2603=DIRECTION('center_axis',(0.,1.,0.));
#2604=DIRECTION('ref_axis',(0.70710678118654,0.,0.707106781186555));
#2605=DIRECTION('center_axis',(0.,0.,1.));
#2606=DIRECTION('ref_axis',(0.923879532511287,-0.382683432365089,0.));
#2607=DIRECTION('',(0.,0.,-1.));
#2608=DIRECTION('center_axis',(0.,0.,-1.));
#2609=DIRECTION('ref_axis',(0.923879532511286,-0.382683432365091,0.));
#2610=DIRECTION('center_axis',(0.707106781186548,-0.707106781186547,0.));
#2611=DIRECTION('ref_axis',(0.707106781186547,0.707106781186548,0.));
#2612=DIRECTION('',(0.,0.,1.));
#2613=DIRECTION('',(-0.707106781186547,-0.707106781186548,0.));
#2614=DIRECTION('center_axis',(0.,0.,1.));
#2615=DIRECTION('ref_axis',(0.382683432365089,-0.923879532511287,0.));
#2616=DIRECTION('',(0.,0.,-1.));
#2617=DIRECTION('center_axis',(0.,0.,-1.));
#2618=DIRECTION('ref_axis',(0.38268343236509,-0.923879532511287,0.));
#2619=DIRECTION('center_axis',(6.55813971186742E-17,-1.,0.));
#2620=DIRECTION('ref_axis',(1.,6.55813971186742E-17,0.));
#2621=DIRECTION('',(0.,0.,1.));
#2622=DIRECTION('',(-1.,-6.55813971186742E-17,0.));
#2623=DIRECTION('center_axis',(0.,0.,1.));
#2624=DIRECTION('ref_axis',(-0.38268343236509,-0.923879532511287,0.));
#2625=DIRECTION('',(0.,0.,-1.));
#2626=DIRECTION('center_axis',(0.,0.,-1.));
#2627=DIRECTION('ref_axis',(-0.382683432365089,-0.923879532511287,0.));
#2628=DIRECTION('center_axis',(-0.707106781186547,-0.707106781186548,0.));
#2629=DIRECTION('ref_axis',(0.707106781186548,-0.707106781186547,0.));
#2630=DIRECTION('',(0.,0.,1.));
#2631=DIRECTION('',(-0.707106781186548,0.707106781186547,0.));
#2632=DIRECTION('center_axis',(0.,0.,1.));
#2633=DIRECTION('ref_axis',(-0.923879532511287,-0.382683432365089,0.));
#2634=DIRECTION('center_axis',(0.,0.,-1.));
#2635=DIRECTION('ref_axis',(-0.923879532511287,-0.38268343236509,0.));
#2636=DIRECTION('center_axis',(0.707106781186548,0.707106781186547,0.));
#2637=DIRECTION('ref_axis',(-0.499999999999991,0.500000000000019,-0.70710678118654));
#2638=DIRECTION('center_axis',(0.707106781186557,0.707106781186538,0.));
#2639=DIRECTION('ref_axis',(0.,0.,-1.));
#2640=DIRECTION('',(0.707106781186548,0.707106781186547,0.));
#2641=DIRECTION('center_axis',(-0.707106781186553,-0.707106781186542,0.));
#2642=DIRECTION('ref_axis',(-0.707106781186542,0.707106781186553,0.));
#2643=DIRECTION('',(-0.707106781186548,-0.707106781186547,0.));
#2644=DIRECTION('center_axis',(0.,0.,1.));
#2645=DIRECTION('ref_axis',(1.,0.,0.));
#2646=DIRECTION('center_axis',(-1.,0.,0.));
#2647=DIRECTION('ref_axis',(0.,1.,0.));
#2648=DIRECTION('center_axis',(0.,0.,1.));
#2649=DIRECTION('ref_axis',(-0.382683432365093,0.923879532511286,0.));
#2650=DIRECTION('center_axis',(0.,0.,-1.));
#2651=DIRECTION('ref_axis',(-0.382683432365093,0.923879532511286,0.));
#2652=DIRECTION('center_axis',(-1.,0.,0.));
#2653=DIRECTION('ref_axis',(0.,0.707106781186553,-0.707106781186543));
#2654=DIRECTION('center_axis',(-1.,0.,0.));
#2655=DIRECTION('ref_axis',(0.,1.,0.));
#2656=DIRECTION('',(-1.,0.,0.));
#2657=DIRECTION('',(1.,0.,0.));
#2658=DIRECTION('center_axis',(0.,0.,1.));
#2659=DIRECTION('ref_axis',(1.,0.,0.));
#2660=DIRECTION('center_axis',(-0.707106781186548,0.707106781186548,0.));
#2661=DIRECTION('ref_axis',(0.707106781186548,0.707106781186548,0.));
#2662=DIRECTION('center_axis',(0.,0.,1.));
#2663=DIRECTION('ref_axis',(0.382683432365091,0.923879532511286,0.));
#2664=DIRECTION('center_axis',(0.,0.,-1.));
#2665=DIRECTION('ref_axis',(0.382683432365091,0.923879532511286,0.));
#2666=DIRECTION('center_axis',(-0.707106781186548,0.707106781186547,0.));
#2667=DIRECTION('ref_axis',(0.499999999999993,0.500000000000018,-0.707106781186539));
#2668=DIRECTION('center_axis',(-0.707106781186548,0.707106781186548,0.));
#2669=DIRECTION('ref_axis',(0.707106781186548,0.707106781186548,0.));
#2670=DIRECTION('',(-0.707106781186548,0.707106781186547,0.));
#2671=DIRECTION('',(0.707106781186548,-0.707106781186547,0.));
#2672=DIRECTION('center_axis',(0.,0.,1.));
#2673=DIRECTION('ref_axis',(1.,0.,0.));
#2674=DIRECTION('center_axis',(0.,1.,0.));
#2675=DIRECTION('ref_axis',(1.,0.,0.));
#2676=DIRECTION('center_axis',(0.,0.,1.));
#2677=DIRECTION('ref_axis',(0.923879532511287,0.38268343236509,0.));
#2678=DIRECTION('center_axis',(0.,0.,-1.));
#2679=DIRECTION('ref_axis',(0.923879532511287,0.38268343236509,0.));
#2680=DIRECTION('center_axis',(0.,1.,0.));
#2681=DIRECTION('ref_axis',(0.70710678118654,0.,-0.707106781186555));
#2682=DIRECTION('center_axis',(0.,1.,0.));
#2683=DIRECTION('ref_axis',(1.,0.,0.));
#2684=DIRECTION('',(0.,1.,0.));
#2685=DIRECTION('center_axis',(0.,0.,1.));
#2686=DIRECTION('ref_axis',(1.,0.,0.));
#2687=DIRECTION('center_axis',(0.707106781186548,0.707106781186548,0.));
#2688=DIRECTION('ref_axis',(0.707106781186548,-0.707106781186548,0.));
#2689=DIRECTION('center_axis',(0.,0.,1.));
#2690=DIRECTION('ref_axis',(0.923879532511287,-0.382683432365091,0.));
#2691=DIRECTION('center_axis',(-0.707106781186547,-0.707106781186548,0.));
#2692=DIRECTION('ref_axis',(0.5,-0.5,-0.707106781186548));
#2693=DIRECTION('center_axis',(0.707106781186543,0.707106781186552,0.));
#2694=DIRECTION('ref_axis',(0.707106781186552,-0.707106781186543,0.));
#2695=DIRECTION('',(0.707106781186547,0.707106781186548,0.));
#2696=DIRECTION('center_axis',(0.,0.,1.));
#2697=DIRECTION('ref_axis',(1.,0.,0.));
#2698=DIRECTION('center_axis',(1.,0.,0.));
#2699=DIRECTION('ref_axis',(0.,-1.,0.));
#2700=DIRECTION('center_axis',(0.,0.,1.));
#2701=DIRECTION('ref_axis',(0.38268343236509,-0.923879532511287,0.));
#2702=DIRECTION('center_axis',(1.,6.55813971186742E-17,0.));
#2703=DIRECTION('ref_axis',(0.,-0.707106781186549,-0.707106781186546));
#2704=DIRECTION('center_axis',(1.,0.,0.));
#2705=DIRECTION('ref_axis',(0.,-1.,0.));
#2706=DIRECTION('',(1.,6.55813971186742E-17,0.));
#2707=DIRECTION('center_axis',(0.,0.,1.));
#2708=DIRECTION('ref_axis',(1.,0.,0.));
#2709=DIRECTION('center_axis',(0.707106781186548,-0.707106781186548,0.));
#2710=DIRECTION('ref_axis',(-0.707106781186548,-0.707106781186548,0.));
#2711=DIRECTION('center_axis',(0.,0.,1.));
#2712=DIRECTION('ref_axis',(-0.382683432365089,-0.923879532511287,0.));
#2713=DIRECTION('center_axis',(0.707106781186548,-0.707106781186547,0.));
#2714=DIRECTION('ref_axis',(-0.499999999999999,-0.499999999999996,-0.707106781186552));
#2715=DIRECTION('center_axis',(0.707106781186546,-0.707106781186549,0.));
#2716=DIRECTION('ref_axis',(-0.707106781186549,-0.707106781186546,0.));
#2717=DIRECTION('',(0.707106781186548,-0.707106781186547,0.));
#2718=DIRECTION('center_axis',(0.,0.,1.));
#2719=DIRECTION('ref_axis',(1.,0.,0.));
#2720=DIRECTION('center_axis',(0.,-1.,0.));
#2721=DIRECTION('ref_axis',(-1.,0.,0.));
#2722=DIRECTION('center_axis',(0.,0.,1.));
#2723=DIRECTION('ref_axis',(-0.923879532511287,-0.38268343236509,0.));
#2724=DIRECTION('center_axis',(2.9974034627485E-16,-1.,0.));
#2725=DIRECTION('ref_axis',(-0.707106781186546,0.,-0.707106781186549));
#2726=DIRECTION('center_axis',(0.,-1.,0.));
#2727=DIRECTION('ref_axis',(-1.,0.,0.));
#2728=DIRECTION('',(2.9974034627485E-16,-1.,0.));
#2729=DIRECTION('center_axis',(0.,0.,1.));
#2730=DIRECTION('ref_axis',(1.,0.,0.));
#2731=DIRECTION('center_axis',(0.,0.,-1.));
#2732=DIRECTION('ref_axis',(-0.923879532511287,0.382683432365089,0.));
#2733=DIRECTION('center_axis',(0.,0.,1.));
#2734=DIRECTION('ref_axis',(-0.923879532511287,0.382683432365089,0.));
#2735=DIRECTION('center_axis',(0.,0.,1.));
#2736=DIRECTION('ref_axis',(0.923879532511287,0.38268343236509,0.));
#2737=DIRECTION('',(0.,0.,1.));
#2738=DIRECTION('center_axis',(0.,0.,1.));
#2739=DIRECTION('ref_axis',(0.977286989866451,0.211920125136267,0.));
#2740=DIRECTION('center_axis',(0.707106781186547,0.707106781186548,0.));
#2741=DIRECTION('ref_axis',(-0.707106781186548,0.707106781186547,0.));
#2742=DIRECTION('',(0.,0.,-1.));
#2743=DIRECTION('center_axis',(0.,0.,1.));
#2744=DIRECTION('ref_axis',(0.38268343236509,0.923879532511287,0.));
#2745=DIRECTION('',(0.,0.,1.));
#2746=DIRECTION('center_axis',(0.,0.,1.));
#2747=DIRECTION('ref_axis',(0.382683432365091,0.923879532511286,0.));
#2748=DIRECTION('center_axis',(0.,1.,0.));
#2749=DIRECTION('ref_axis',(-1.,0.,0.));
#2750=DIRECTION('',(0.,0.,-1.));
#2751=DIRECTION('',(-1.,0.,0.));
#2752=DIRECTION('center_axis',(0.,0.,1.));
#2753=DIRECTION('ref_axis',(-0.382683432365091,0.923879532511286,0.));
#2754=DIRECTION('',(0.,0.,1.));
#2755=DIRECTION('center_axis',(0.,0.,1.));
#2756=DIRECTION('ref_axis',(-0.382683432365093,0.923879532511286,0.));
#2757=DIRECTION('center_axis',(-0.707106781186547,0.707106781186548,0.));
#2758=DIRECTION('ref_axis',(-0.707106781186548,-0.707106781186547,0.));
#2759=DIRECTION('',(0.,0.,-1.));
#2760=DIRECTION('center_axis',(0.,0.,1.));
#2761=DIRECTION('ref_axis',(1.,0.,0.));
#2762=DIRECTION('center_axis',(-0.85033491233749,0.40685064693895,0.333771011241766));
#2763=DIRECTION('ref_axis',(0.5262418995671,0.657414982508758,0.539328289553793));
#2764=DIRECTION('center_axis',(1.,-1.77635683940023E-14,0.));
#2765=DIRECTION('ref_axis',(0.,0.,1.));
#2766=DIRECTION('center_axis',(-0.218951416497467,0.975735761983619,0.));
#2767=DIRECTION('ref_axis',(0.975735761983619,0.218951416497467,0.));
#2768=DIRECTION('center_axis',(-1.,0.,0.));
#2769=DIRECTION('ref_axis',(0.,0.707106781186554,0.707106781186541));
#2770=DIRECTION('center_axis',(1.,0.,0.));
#2771=DIRECTION('ref_axis',(0.,1.,0.));
#2772=DIRECTION('',(1.,0.,0.));
#2773=DIRECTION('',(-1.,0.,0.));
#2774=DIRECTION('center_axis',(0.,0.,-1.));
#2775=DIRECTION('ref_axis',(-1.,0.,0.));
#2776=DIRECTION('center_axis',(0.,1.,0.));
#2777=DIRECTION('ref_axis',(-1.,0.,0.));
#2778=DIRECTION('center_axis',(0.,0.,-1.));
#2779=DIRECTION('ref_axis',(-0.707106781186548,0.707106781186547,0.));
#2780=DIRECTION('center_axis',(0.,0.,1.));
#2781=DIRECTION('ref_axis',(-0.707106781186548,0.707106781186547,0.));
#2782=DIRECTION('center_axis',(2.9974034627485E-16,-1.,0.));
#2783=DIRECTION('ref_axis',(-0.707106781186548,0.,0.707106781186547));
#2784=DIRECTION('center_axis',(0.,1.,0.));
#2785=DIRECTION('ref_axis',(-1.,0.,0.));
#2786=DIRECTION('',(-2.9974034627485E-16,1.,0.));
#2787=DIRECTION('center_axis',(0.,0.,-1.));
#2788=DIRECTION('ref_axis',(-1.,0.,0.));
#2789=DIRECTION('center_axis',(-1.,0.,0.));
#2790=DIRECTION('ref_axis',(0.,-1.,0.));
#2791=DIRECTION('center_axis',(0.,0.,-1.));
#2792=DIRECTION('ref_axis',(-0.707106781186547,-0.707106781186548,0.));
#2793=DIRECTION('center_axis',(1.,0.,0.));
#2794=DIRECTION('ref_axis',(0.,-0.707106781186551,0.707106781186544));
#2795=DIRECTION('center_axis',(-1.,0.,0.));
#2796=DIRECTION('ref_axis',(0.,-1.,0.));
#2797=DIRECTION('',(-1.,0.,0.));
#2798=DIRECTION('center_axis',(0.,0.,-1.));
#2799=DIRECTION('ref_axis',(-1.,0.,0.));
#2800=DIRECTION('center_axis',(0.,-1.,0.));
#2801=DIRECTION('ref_axis',(1.,0.,0.));
#2802=DIRECTION('center_axis',(0.,0.,-1.));
#2803=DIRECTION('ref_axis',(0.707106781186549,-0.707106781186546,0.));
#2804=DIRECTION('center_axis',(0.,0.,1.));
#2805=DIRECTION('ref_axis',(0.707106781186549,-0.707106781186546,0.));
#2806=DIRECTION('center_axis',(0.,1.,0.));
#2807=DIRECTION('ref_axis',(0.707106781186541,0.,0.707106781186554));
#2808=DIRECTION('center_axis',(0.,-1.,0.));
#2809=DIRECTION('ref_axis',(1.,0.,0.));
#2810=DIRECTION('',(0.,-1.,0.));
#2811=DIRECTION('center_axis',(0.,0.,-1.));
#2812=DIRECTION('ref_axis',(-1.,0.,0.));
#2813=DIRECTION('center_axis',(0.,0.,-1.));
#2814=DIRECTION('ref_axis',(0.977286989866451,0.211920125136267,0.));
#2815=DIRECTION('center_axis',(0.,0.,-1.));
#2816=DIRECTION('ref_axis',(-1.,0.,0.));
#2817=DIRECTION('center_axis',(1.,0.,0.));
#2818=DIRECTION('ref_axis',(0.,1.,0.));
#2819=DIRECTION('center_axis',(-1.,0.,0.));
#2820=DIRECTION('ref_axis',(0.,0.707106781186553,0.707106781186543));
#2821=DIRECTION('center_axis',(1.,0.,0.));
#2822=DIRECTION('ref_axis',(0.,1.,0.));
#2823=DIRECTION('center_axis',(0.,0.,-1.));
#2824=DIRECTION('ref_axis',(-1.,0.,0.));
#2825=DIRECTION('center_axis',(0.,0.,-1.));
#2826=DIRECTION('ref_axis',(-1.,0.,0.));
#2827=DIRECTION('center_axis',(0.,0.,1.));
#2828=DIRECTION('ref_axis',(-1.,0.,0.));
#2829=DIRECTION('center_axis',(0.,1.,0.));
#2830=DIRECTION('ref_axis',(-1.,0.,0.));
#2831=DIRECTION('center_axis',(2.9974034627485E-16,-1.,0.));
#2832=DIRECTION('ref_axis',(-0.707106781186547,0.,0.707106781186548));
#2833=DIRECTION('center_axis',(0.,0.,1.));
#2834=DIRECTION('ref_axis',(-0.923879532511287,0.382683432365089,0.));
#2835=DIRECTION('center_axis',(0.,0.,1.));
#2836=DIRECTION('ref_axis',(1.,0.,0.));
#2837=DIRECTION('',(1.,0.,0.));
#2838=DIRECTION('',(0.,-1.,0.));
#2839=DIRECTION('',(-1.,0.,0.));
#2840=DIRECTION('',(-2.9974034627485E-16,1.,0.));
#2841=DIRECTION('center_axis',(0.,0.,1.));
#2842=DIRECTION('ref_axis',(0.707106781186549,-0.707106781186546,0.));
#2843=DIRECTION('center_axis',(0.,0.,1.));
#2844=DIRECTION('ref_axis',(-0.707106781186549,0.707106781186546,0.));
#2845=DIRECTION('',(0.,0.,-1.));
#2846=DIRECTION('center_axis',(-1.,-2.9974034627485E-16,0.));
#2847=DIRECTION('ref_axis',(2.9974034627485E-16,-1.,0.));
#2848=DIRECTION('',(0.,0.,-1.));
#2849=DIRECTION('',(-2.9974034627485E-16,1.,0.));
#2850=DIRECTION('',(0.,0.,1.));
#2851=DIRECTION('center_axis',(0.,-1.,0.));
#2852=DIRECTION('ref_axis',(1.,0.,0.));
#2853=DIRECTION('',(0.,0.,1.));
#2854=DIRECTION('',(1.,0.,0.));
#2855=DIRECTION('center_axis',(0.,0.,1.));
#2856=DIRECTION('ref_axis',(1.,0.,0.));
#2857=DIRECTION('',(-1.,0.,0.));
#2858=DIRECTION('',(0.,-1.,0.));
#2859=DIRECTION('center_axis',(0.,0.,1.));
#2860=DIRECTION('ref_axis',(0.,1.,0.));
#2861=DIRECTION('',(-1.,0.,0.));
#2862=DIRECTION('',(0.,-1.,0.));
#2863=DIRECTION('center_axis',(0.,-1.,0.));
#2864=DIRECTION('ref_axis',(0.,0.,1.));
#2865=DIRECTION('',(0.,0.,-1.));
#2866=DIRECTION('center_axis',(0.,1.,0.));
#2867=DIRECTION('ref_axis',(-1.,0.,0.));
#2868=DIRECTION('center_axis',(0.,1.,0.));
#2869=DIRECTION('ref_axis',(-1.,0.,0.));
#2870=DIRECTION('',(0.,0.,-1.));
#2871=DIRECTION('center_axis',(1.,0.,0.));
#2872=DIRECTION('ref_axis',(0.,1.,0.));
#2873=DIRECTION('center_axis',(1.,0.,0.));
#2874=DIRECTION('ref_axis',(0.,1.,0.));
#2875=DIRECTION('center_axis',(-1.,0.,0.));
#2876=DIRECTION('ref_axis',(0.,1.,0.));
#2877=DIRECTION('center_axis',(-1.,0.,-2.22044604925031E-16));
#2878=DIRECTION('ref_axis',(-1.37670064279644E-16,0.,1.));
#2879=DIRECTION('center_axis',(-1.,0.,-1.11022302462516E-16));
#2880=DIRECTION('ref_axis',(-1.11022302462516E-16,0.,1.));
#2881=DIRECTION('center_axis',(0.,1.,0.));
#2882=DIRECTION('ref_axis',(2.58131370524333E-16,0.,-1.));
#2883=DIRECTION('center_axis',(-1.,0.,0.));
#2884=DIRECTION('ref_axis',(0.,1.,0.));
#2885=DIRECTION('center_axis',(-1.,0.,0.));
#2886=DIRECTION('ref_axis',(0.,1.,0.));
#2887=DIRECTION('center_axis',(1.,0.,0.));
#2888=DIRECTION('ref_axis',(0.,1.,0.));
#2889=DIRECTION('center_axis',(1.,0.,0.));
#2890=DIRECTION('ref_axis',(0.,1.,0.));
#2891=DIRECTION('',(-1.,0.,0.));
#2892=DIRECTION('center_axis',(0.,0.,1.));
#2893=DIRECTION('ref_axis',(0.,-1.,0.));
#2894=DIRECTION('',(0.,-1.,0.));
#2895=DIRECTION('',(1.,0.,0.));
#2896=DIRECTION('',(0.,-1.,0.));
#2897=DIRECTION('',(1.,0.,0.));
#2898=DIRECTION('center_axis',(1.,0.,0.));
#2899=DIRECTION('ref_axis',(0.,0.,-1.));
#2900=DIRECTION('',(0.,0.,-1.));
#2901=DIRECTION('',(0.,1.,0.));
#2902=DIRECTION('',(0.,0.,1.));
#2903=DIRECTION('center_axis',(1.,0.,0.));
#2904=DIRECTION('ref_axis',(0.,1.,0.));
#2905=DIRECTION('',(0.,-1.,0.));
#2906=DIRECTION('',(0.,0.,-1.));
#2907=DIRECTION('',(0.,0.,1.));
#2908=DIRECTION('center_axis',(0.,-1.,0.));
#2909=DIRECTION('ref_axis',(0.,0.,-1.));
#2910=DIRECTION('',(0.,0.,1.));
#2911=DIRECTION('',(1.,0.,0.));
#2912=DIRECTION('',(1.,0.,0.));
#2913=DIRECTION('center_axis',(0.,0.,1.));
#2914=DIRECTION('ref_axis',(0.,-1.,0.));
#2915=DIRECTION('',(0.,1.,0.));
#2916=DIRECTION('',(1.,0.,0.));
#2917=DIRECTION('center_axis',(0.,1.,0.));
#2918=DIRECTION('ref_axis',(0.,0.,1.));
#2919=DIRECTION('',(0.,0.,-1.));
#2920=DIRECTION('',(1.,0.,0.));
#2921=DIRECTION('center_axis',(0.,0.,-1.));
#2922=DIRECTION('ref_axis',(0.,1.,0.));
#2923=DIRECTION('',(0.,-1.,0.));
#2924=DIRECTION('center_axis',(1.,0.,0.));
#2925=DIRECTION('ref_axis',(0.,1.,0.));
#2926=DIRECTION('center_axis',(0.,0.,1.));
#2927=DIRECTION('ref_axis',(0.707106781186549,-0.707106781186546,0.));
#2928=DIRECTION('center_axis',(0.,0.,-1.));
#2929=DIRECTION('ref_axis',(0.707106781186549,-0.707106781186546,0.));
#2930=DIRECTION('',(0.,0.,-1.));
#2931=DIRECTION('center_axis',(0.,0.,1.));
#2932=DIRECTION('ref_axis',(0.707106781186549,-0.707106781186546,0.));
#2933=DIRECTION('',(0.,0.,1.));
#2934=DIRECTION('center_axis',(0.,0.,1.));
#2935=DIRECTION('ref_axis',(1.,0.,0.));
#2936=DIRECTION('',(1.,0.,0.));
#2937=DIRECTION('center_axis',(0.,0.,1.));
#2938=DIRECTION('ref_axis',(-0.707106781186547,-0.707106781186548,0.));
#2939=DIRECTION('',(2.9974034627485E-16,-1.,0.));
#2940=DIRECTION('center_axis',(0.,0.,1.));
#2941=DIRECTION('ref_axis',(-0.707106781186549,0.707106781186546,0.));
#2942=DIRECTION('',(-1.,0.,0.));
#2943=DIRECTION('center_axis',(0.,0.,1.));
#2944=DIRECTION('ref_axis',(0.707106781186548,0.707106781186548,0.));
#2945=DIRECTION('',(0.,1.,0.));
#2946=DIRECTION('',(1.,0.,0.));
#2947=DIRECTION('',(-2.9974034627485E-16,1.,0.));
#2948=DIRECTION('',(-1.,0.,0.));
#2949=DIRECTION('',(0.,-1.,0.));
#2950=DIRECTION('center_axis',(0.,-1.,0.));
#2951=DIRECTION('ref_axis',(1.,0.,0.));
#2952=DIRECTION('',(1.,0.,0.));
#2953=DIRECTION('',(0.,0.,1.));
#2954=DIRECTION('center_axis',(0.,0.,1.));
#2955=DIRECTION('ref_axis',(-0.707106781186547,-0.707106781186548,0.));
#2956=DIRECTION('center_axis',(0.,0.,-1.));
#2957=DIRECTION('ref_axis',(-0.707106781186547,-0.707106781186548,0.));
#2958=DIRECTION('',(0.,0.,-1.));
#2959=DIRECTION('center_axis',(0.,0.,1.));
#2960=DIRECTION('ref_axis',(-0.707106781186549,0.707106781186546,0.));
#2961=DIRECTION('center_axis',(0.,0.,-1.));
#2962=DIRECTION('ref_axis',(-0.707106781186549,0.707106781186546,0.));
#2963=DIRECTION('',(0.,0.,-1.));
#2964=DIRECTION('',(0.,0.,1.));
#2965=DIRECTION('center_axis',(0.,1.,0.));
#2966=DIRECTION('ref_axis',(-1.,0.,0.));
#2967=DIRECTION('',(-1.,0.,0.));
#2968=DIRECTION('',(0.,0.,1.));
#2969=DIRECTION('center_axis',(0.,0.,1.));
#2970=DIRECTION('ref_axis',(0.707106781186548,0.707106781186548,0.));
#2971=DIRECTION('center_axis',(0.,0.,-1.));
#2972=DIRECTION('ref_axis',(0.707106781186548,0.707106781186548,0.));
#2973=DIRECTION('',(0.,0.,-1.));
#2974=DIRECTION('center_axis',(0.,-1.,0.));
#2975=DIRECTION('ref_axis',(1.,0.,0.));
#2976=DIRECTION('',(0.,0.,-1.));
#2977=DIRECTION('',(-1.,0.,0.));
#2978=DIRECTION('',(0.,0.,1.));
#2979=DIRECTION('center_axis',(-1.,-2.9974034627485E-16,0.));
#2980=DIRECTION('ref_axis',(2.9974034627485E-16,-1.,0.));
#2981=DIRECTION('',(0.,0.,1.));
#2982=DIRECTION('',(2.9974034627485E-16,-1.,0.));
#2983=DIRECTION('center_axis',(1.,0.,0.));
#2984=DIRECTION('ref_axis',(0.,1.,0.));
#2985=DIRECTION('',(0.,1.,0.));
#2986=DIRECTION('center_axis',(0.,1.,0.));
#2987=DIRECTION('ref_axis',(-1.,0.,0.));
#2988=DIRECTION('',(0.,0.,-1.));
#2989=DIRECTION('',(1.,0.,0.));
#2990=DIRECTION('center_axis',(0.,0.,1.));
#2991=DIRECTION('ref_axis',(1.,0.,0.));
#2992=DIRECTION('',(0.,1.,0.));
#2993=DIRECTION('center_axis',(1.,0.,0.));
#2994=DIRECTION('ref_axis',(0.,1.,0.));
#2995=DIRECTION('center_axis',(0.,0.,1.));
#2996=DIRECTION('ref_axis',(1.,0.,0.));
#2997=DIRECTION('',(0.,-1.,0.));
#2998=DIRECTION('center_axis',(-1.,-2.9974034627485E-16,0.));
#2999=DIRECTION('ref_axis',(2.9974034627485E-16,-1.,0.));
#3000=CARTESIAN_POINT('',(0.,0.,0.));
#3001=CARTESIAN_POINT('Origin',(49.0000007301569,-5.50000008195639,3.));
#3002=CARTESIAN_POINT('',(51.5000007674098,-5.50000008195639,3.));
#3003=CARTESIAN_POINT('Origin',(49.0000007301569,-5.50000008195639,3.));
#3004=CARTESIAN_POINT('',(51.5000007674098,-5.50000008195639,0.));
#3005=CARTESIAN_POINT('',(51.5000007674098,-5.50000008195639,3.));
#3006=CARTESIAN_POINT('Origin',(49.0000007301569,-5.50000008195639,0.));
#3007=CARTESIAN_POINT('Origin',(49.0000007301569,147.500002197921,3.));
#3008=CARTESIAN_POINT('',(51.5000007674098,147.500002197921,3.));
#3009=CARTESIAN_POINT('Origin',(49.0000007301569,147.500002197921,3.));
#3010=CARTESIAN_POINT('',(51.5000007674098,147.500002197921,0.));
#3011=CARTESIAN_POINT('',(51.5000007674098,147.500002197921,3.));
#3012=CARTESIAN_POINT('Origin',(49.0000007301569,147.500002197921,0.));
#3013=CARTESIAN_POINT('Ctrl Pts',(98.,4.,2.));
#3014=CARTESIAN_POINT('Ctrl Pts',(98.,3.9972207722431,2.00087886898893));
#3015=CARTESIAN_POINT('Ctrl Pts',(97.9999991901245,3.99444087415285,2.00175851158014));
#3016=CARTESIAN_POINT('Ctrl Pts',(97.9991964589883,3.20201642121127,2.25211702992907));
#3017=CARTESIAN_POINT('Ctrl Pts',(97.9066521123605,2.40395943884482,2.50678259336997));
#3018=CARTESIAN_POINT('Ctrl Pts',(97.708487491015,1.65685424949238,2.70572337007877));
#3019=CARTESIAN_POINT('Ctrl Pts',(98.,4.,2.));
#3020=CARTESIAN_POINT('Ctrl Pts',(98.0000559559619,3.99741255014322,2.00117000964625));
#3021=CARTESIAN_POINT('Ctrl Pts',(97.9999448712612,3.9948051333055,2.00234607692998));
#3022=CARTESIAN_POINT('Ctrl Pts',(98.000767519093,3.2555494377393,2.33627314180211));
#3023=CARTESIAN_POINT('Ctrl Pts',(97.8366408669437,2.50937884700211,2.67467124836531));
#3024=CARTESIAN_POINT('Ctrl Pts',(97.5402773123404,1.83602109106086,2.87459238094779));
#3025=CARTESIAN_POINT('Ctrl Pts',(98.,4.,2.));
#3026=CARTESIAN_POINT('Ctrl Pts',(98.0000442186677,3.99760020891714,2.00146877616938));
#3027=CARTESIAN_POINT('Ctrl Pts',(97.9999560814192,3.99517372410997,2.00292746518588));
#3028=CARTESIAN_POINT('Ctrl Pts',(98.0001273891305,3.30864187600864,2.42006899327869));
#3029=CARTESIAN_POINT('Ctrl Pts',(97.8201261831003,2.61624080191477,2.84554332781344));
#3030=CARTESIAN_POINT('Ctrl Pts',(97.4740933887901,2.01334747722365,3.14163376072448));
#3031=CARTESIAN_POINT('Ctrl Pts',(98.,4.,2.));
#3032=CARTESIAN_POINT('Ctrl Pts',(98.,3.99777661779819,2.00175773797551));
#3033=CARTESIAN_POINT('Ctrl Pts',(97.9999987041992,3.99555269932228,2.00351702316028));
#3034=CARTESIAN_POINT('Ctrl Pts',(97.9987143343814,3.36161313696885,2.50423405985824));
#3035=CARTESIAN_POINT('Ctrl Pts',(97.8506433797767,2.72316755107575,3.01356518674));
#3036=CARTESIAN_POINT('Ctrl Pts',(97.5335799856239,2.1254833995939,3.41144674015755));
#3037=CARTESIAN_POINT('',(97.5335799856239,2.1254833995939,3.41144674015755));
#3038=CARTESIAN_POINT('',(97.708487491015,1.65685424949238,2.70572337007877));
#3039=CARTESIAN_POINT('Origin',(98.4169749820299,1.65685424949237,3.41144674015755));
#3040=CARTESIAN_POINT('',(98.,4.,2.));
#3041=CARTESIAN_POINT('Ctrl Pts',(97.708487491015,1.65685424949238,2.70572337007877));
#3042=CARTESIAN_POINT('Ctrl Pts',(97.9066521123605,2.40395943884482,2.50678259336997));
#3043=CARTESIAN_POINT('Ctrl Pts',(97.9991964589883,3.20201642121127,2.25211702992907));
#3044=CARTESIAN_POINT('Ctrl Pts',(97.9999991901245,3.99444087415285,2.00175851158014));
#3045=CARTESIAN_POINT('Ctrl Pts',(98.,3.9972207722431,2.00087886898893));
#3046=CARTESIAN_POINT('Ctrl Pts',(98.,4.,2.));
#3047=CARTESIAN_POINT('Ctrl Pts',(98.,4.,2.));
#3048=CARTESIAN_POINT('Ctrl Pts',(98.,3.99777661779819,2.00175773797551));
#3049=CARTESIAN_POINT('Ctrl Pts',(97.9999987041992,3.99555269932228,2.00351702316028));
#3050=CARTESIAN_POINT('Ctrl Pts',(97.9987143343814,3.36161313696885,2.50423405985824));
#3051=CARTESIAN_POINT('Ctrl Pts',(97.8506433797767,2.72316755107575,3.01356518674));
#3052=CARTESIAN_POINT('Ctrl Pts',(97.5335799856239,2.1254833995939,3.41144674015755));
#3053=CARTESIAN_POINT('Ctrl Pts',(97.708487491015,1.65685424949238,2.70572337007877));
#3054=CARTESIAN_POINT('Ctrl Pts',(97.6686912529192,1.53088355293159,2.7456754789017));
#3055=CARTESIAN_POINT('Ctrl Pts',(97.621245435612,1.4017869136828,2.7801365542927));
#3056=CARTESIAN_POINT('Ctrl Pts',(97.565525861535,1.27175477434126,2.81012139868302));
#3057=CARTESIAN_POINT('Ctrl Pts',(97.5402773123404,1.83602109106086,2.87459238094778));
#3058=CARTESIAN_POINT('Ctrl Pts',(97.4848471933258,1.71845539486172,2.91679444552632));
#3059=CARTESIAN_POINT('Ctrl Pts',(97.4235252345934,1.59931624263462,2.95136876234653));
#3060=CARTESIAN_POINT('Ctrl Pts',(97.3547004118078,1.48188576394553,2.97813681572158));
#3061=CARTESIAN_POINT('Ctrl Pts',(97.4740933887901,2.01334747722365,3.14163376072447));
#3062=CARTESIAN_POINT('Ctrl Pts',(97.4088045884358,1.9002184270087,3.20225873469383));
#3063=CARTESIAN_POINT('Ctrl Pts',(97.3371579641064,1.78664029291183,3.25368040073706));
#3064=CARTESIAN_POINT('Ctrl Pts',(97.2577546986003,1.67643365784137,3.29635182691053));
#3065=CARTESIAN_POINT('Ctrl Pts',(97.5335799856239,2.12548339959391,3.41144674015754));
#3066=CARTESIAN_POINT('Ctrl Pts',(97.4699060046709,2.00545399859954,3.49135095780331));
#3067=CARTESIAN_POINT('Ctrl Pts',(97.3981495247939,1.88509438386286,3.56027310858536));
#3068=CARTESIAN_POINT('Ctrl Pts',(97.3187185330982,1.76704068597964,3.62024279736604));
#3069=CARTESIAN_POINT('',(97.3187185330982,1.76704068597963,3.62024279736604));
#3070=CARTESIAN_POINT('',(97.5655258615349,1.27175477434125,2.81012139868302));
#3071=CARTESIAN_POINT('Origin',(98.1483981663728,1.20880085747454,3.62024279736604));
#3072=CARTESIAN_POINT('Ctrl Pts',(97.565525861535,1.27175477434126,2.81012139868302));
#3073=CARTESIAN_POINT('Ctrl Pts',(97.621245435612,1.4017869136828,2.7801365542927));
#3074=CARTESIAN_POINT('Ctrl Pts',(97.6686912529192,1.53088355293159,2.7456754789017));
#3075=CARTESIAN_POINT('Ctrl Pts',(97.708487491015,1.65685424949238,2.70572337007877));
#3076=CARTESIAN_POINT('Ctrl Pts',(97.5335799856239,2.12548339959391,3.41144674015754));
#3077=CARTESIAN_POINT('Ctrl Pts',(97.4699060046709,2.00545399859954,3.49135095780331));
#3078=CARTESIAN_POINT('Ctrl Pts',(97.3981495247939,1.88509438386286,3.56027310858536));
#3079=CARTESIAN_POINT('Ctrl Pts',(97.3187185330982,1.76704068597964,3.62024279736604));
#3080=CARTESIAN_POINT('Ctrl Pts',(97.5655258615349,1.27175477434125,2.81012139868302));
#3081=CARTESIAN_POINT('Ctrl Pts',(97.2990949724378,0.649988024149486,2.95349810036603));
#3082=CARTESIAN_POINT('Ctrl Pts',(96.8407409276626,0.00177516591081645,
2.99502879209063));
#3083=CARTESIAN_POINT('Ctrl Pts',(96.1427628939835,-0.485908644497259,2.99954011128237));
#3084=CARTESIAN_POINT('Ctrl Pts',(97.4450541759766,1.39182962554369,2.90613020841934));
#3085=CARTESIAN_POINT('Ctrl Pts',(97.1434496653186,0.803955734824702,3.04129663171093));
#3086=CARTESIAN_POINT('Ctrl Pts',(96.6786926284674,0.218791875675333,3.04479458851834));
#3087=CARTESIAN_POINT('Ctrl Pts',(96.0157445426894,-0.221174648326694,3.00794414566834));
#3088=CARTESIAN_POINT('Ctrl Pts',(97.2948057974331,1.59504186298652,3.15741503709669));
#3089=CARTESIAN_POINT('Ctrl Pts',(96.9357137829935,1.05419793199061,3.32786492298749));
#3090=CARTESIAN_POINT('Ctrl Pts',(96.4290079891459,0.569153222867518,3.32169300573481));
#3091=CARTESIAN_POINT('Ctrl Pts',(95.800915868754,0.23219343966087,3.26404904563493));
#3092=CARTESIAN_POINT('Ctrl Pts',(97.2925911754563,1.7282091024918,3.48143238145654));
#3093=CARTESIAN_POINT('Ctrl Pts',(96.9135113175888,1.17922888234855,3.73336138529265));
#3094=CARTESIAN_POINT('Ctrl Pts',(96.3666582749713,0.698345551420393,3.7896188565132));
#3095=CARTESIAN_POINT('Ctrl Pts',(95.729367841449,0.393160417485241,3.77877972860014));
#3096=CARTESIAN_POINT('Ctrl Pts',(97.3187185330982,1.76704068597962,3.62024279736605));
#3097=CARTESIAN_POINT('Ctrl Pts',(96.9389082045042,1.20255051875948,3.90699620073203));
#3098=CARTESIAN_POINT('Ctrl Pts',(96.3786104217772,0.704894353077268,3.99005758418127));
#3099=CARTESIAN_POINT('Ctrl Pts',(95.7313643555283,0.394119044060641,3.99908022256475));
#3100=CARTESIAN_POINT('',(95.7313643555284,0.394119044060681,3.99908022256475));
#3101=CARTESIAN_POINT('',(96.1427628939832,-0.485908644496607,2.99954011128239));
#3102=CARTESIAN_POINT('Origin',(96.1642054444104,-0.507351194924146,3.99908022256475));
#3103=CARTESIAN_POINT('Ctrl Pts',(96.1427628939835,-0.485908644497259,2.99954011128237));
#3104=CARTESIAN_POINT('Ctrl Pts',(96.8407409276626,0.00177516591081645,
2.99502879209063));
#3105=CARTESIAN_POINT('Ctrl Pts',(97.2990949724378,0.649988024149486,2.95349810036603));
#3106=CARTESIAN_POINT('Ctrl Pts',(97.5655258615349,1.27175477434125,2.81012139868302));
#3107=CARTESIAN_POINT('Ctrl Pts',(97.3187185330982,1.76704068597962,3.62024279736605));
#3108=CARTESIAN_POINT('Ctrl Pts',(96.9389082045042,1.20255051875948,3.90699620073203));
#3109=CARTESIAN_POINT('Ctrl Pts',(96.3786104217772,0.704894353077268,3.99005758418127));
#3110=CARTESIAN_POINT('Ctrl Pts',(95.7313643555283,0.394119044060641,3.99908022256475));
#3111=CARTESIAN_POINT('Origin',(94.,4.,4.));
#3112=CARTESIAN_POINT('',(96.0057047130023,-0.580081724624608,3.));
#3113=CARTESIAN_POINT('',(95.6045637704018,0.335934620300309,4.));
#3114=CARTESIAN_POINT('Origin',(96.0057047130023,-0.580081724624613,4.));
#3115=CARTESIAN_POINT('',(94.,0.,4.));
#3116=CARTESIAN_POINT('Origin',(94.,4.,4.));
#3117=CARTESIAN_POINT('',(94.,-0.999999999999996,3.));
#3118=CARTESIAN_POINT('Origin',(94.,-0.999999999999996,4.));
#3119=CARTESIAN_POINT('Origin',(94.,4.,3.));
#3120=CARTESIAN_POINT('Origin',(24.5,-1.,4.));
#3121=CARTESIAN_POINT('',(4.00000000000004,0.,4.));
#3122=CARTESIAN_POINT('',(4.00000000000004,-1.,3.));
#3123=CARTESIAN_POINT('Origin',(4.00000000000004,-1.,4.));
#3124=CARTESIAN_POINT('',(24.5,-1.,3.));
#3125=CARTESIAN_POINT('',(24.5,0.,4.));
#3126=CARTESIAN_POINT('Origin',(4.00000000000004,4.,4.));
#3127=CARTESIAN_POINT('',(1.60000000000004,0.800000000000001,4.));
#3128=CARTESIAN_POINT('',(1.00000000000004,4.44089209850063E-15,3.));
#3129=CARTESIAN_POINT('Origin',(1.00000000000004,4.44089209850063E-15,4.));
#3130=CARTESIAN_POINT('Origin',(4.00000000000004,4.,3.));
#3131=CARTESIAN_POINT('Origin',(4.00000000000004,4.,4.));
#3132=CARTESIAN_POINT('Ctrl Pts',(1.00000000000006,2.08166817117217E-15,
3.));
#3133=CARTESIAN_POINT('Ctrl Pts',(0.864329163218001,0.203506255173083,3.));
#3134=CARTESIAN_POINT('Ctrl Pts',(0.614033882816003,0.667533519063557,2.94500249899901));
#3135=CARTESIAN_POINT('Ctrl Pts',(0.332540149399335,1.45132618611381,2.76601092227179));
#3136=CARTESIAN_POINT('Ctrl Pts',(0.170875867237583,2.14118296943536,2.57331984124982));
#3137=CARTESIAN_POINT('Ctrl Pts',(0.0819785817244125,2.70528948081226,2.40468020965243));
#3138=CARTESIAN_POINT('Ctrl Pts',(0.0348429307078299,3.13133418461326,2.27350211042585));
#3139=CARTESIAN_POINT('Ctrl Pts',(0.00653244911600162,3.56116324329074,
2.13876295113301));
#3140=CARTESIAN_POINT('Ctrl Pts',(0.00012421054107939,3.84833213822538,
2.04796101013283));
#3141=CARTESIAN_POINT('Ctrl Pts',(1.14309797192928E-6,3.99444170023065,
2.00175769505385));
#3142=CARTESIAN_POINT('Ctrl Pts',(4.02464786519434E-14,3.99722083813139,
2.00087884814952));
#3143=CARTESIAN_POINT('Ctrl Pts',(4.02455846426619E-14,4.,2.));
#3144=CARTESIAN_POINT('Ctrl Pts',(1.17951958020518,0.239359440273508,3.));
#3145=CARTESIAN_POINT('Ctrl Pts',(1.05108494621207,0.417962106868944,3.02510003361146));
#3146=CARTESIAN_POINT('Ctrl Pts',(0.78576812549502,0.834132266288983,3.01889857788257));
#3147=CARTESIAN_POINT('Ctrl Pts',(0.443012654640428,1.5631631167476,2.86879033190979));
#3148=CARTESIAN_POINT('Ctrl Pts',(0.231564592482266,2.2172869958109,2.66650510501372));
#3149=CARTESIAN_POINT('Ctrl Pts',(0.112148973490747,2.75632257734492,2.47647292883198));
#3150=CARTESIAN_POINT('Ctrl Pts',(0.0479042201063531,3.16482831681277,2.32434774035408));
#3151=CARTESIAN_POINT('Ctrl Pts',(0.00898816069880531,3.57786359547166,
2.16525471521449));
#3152=CARTESIAN_POINT('Ctrl Pts',(0.000166621564180483,3.85410771008683,
2.05710438251383));
#3153=CARTESIAN_POINT('Ctrl Pts',(1.63943532233651E-6,3.99465347324471,
2.00209239453956));
#3154=CARTESIAN_POINT('Ctrl Pts',(4.02552401963969E-14,3.99732671096456,
2.00104624779701));
#3155=CARTESIAN_POINT('Ctrl Pts',(4.02455846426621E-14,4.00000000000001,
2.));
#3156=CARTESIAN_POINT('Ctrl Pts',(1.49059029439279,0.654120392523655,3.25075366830122));
#3157=CARTESIAN_POINT('Ctrl Pts',(1.3404065322972,0.791541245570854,3.28945717233849));
#3158=CARTESIAN_POINT('Ctrl Pts',(1.01202464512716,1.12563491209201,3.29550887850527));
#3159=CARTESIAN_POINT('Ctrl Pts',(0.572236320656689,1.75944312970508,3.11016434356714));
#3160=CARTESIAN_POINT('Ctrl Pts',(0.29920217559453,2.35089119225302,2.85247936069373));
#3161=CARTESIAN_POINT('Ctrl Pts',(0.144897945512711,2.84587945704071,2.60958183637429));
#3162=CARTESIAN_POINT('Ctrl Pts',(0.0619261327033882,3.22360608008799,2.41493952685551));
#3163=CARTESIAN_POINT('Ctrl Pts',(0.0116569654234134,3.6071681349191,2.21139976353273));
#3164=CARTESIAN_POINT('Ctrl Pts',(0.000222463127220848,3.86422393775516,
2.0730791378858));
#3165=CARTESIAN_POINT('Ctrl Pts',(2.0203240344023E-6,3.99502396472655,2.00267844446605));
#3166=CARTESIAN_POINT('Ctrl Pts',(4.0265461998259E-14,3.99751198842259,
2.00133919718011));
#3167=CARTESIAN_POINT('Ctrl Pts',(4.02455846426619E-14,4.00000000000001,
2.00000000000001));
#3168=CARTESIAN_POINT('Ctrl Pts',(1.60000000000004,0.799999999999996,3.77560052474358));
#3169=CARTESIAN_POINT('Ctrl Pts',(1.4022894271988,0.948020553000795,3.78712869601321));
#3170=CARTESIAN_POINT('Ctrl Pts',(1.01910177768777,1.29433141306472,3.71178898020432));
#3171=CARTESIAN_POINT('Ctrl Pts',(0.561551534865015,1.9097496078278,3.40548200977071));
#3172=CARTESIAN_POINT('Ctrl Pts',(0.290658060444102,2.46772576395371,3.05838868795516));
#3173=CARTESIAN_POINT('Ctrl Pts',(0.140002407150229,2.92984047495798,2.74942235709008));
#3174=CARTESIAN_POINT('Ctrl Pts',(0.0596333069832606,3.28088680401312,2.50738131721092));
#3175=CARTESIAN_POINT('Ctrl Pts',(0.0111874391559831,3.63638441338117,2.25768632197154));
#3176=CARTESIAN_POINT('Ctrl Pts',(0.000211080141811617,3.87433098665241,
2.08906895928253));
#3177=CARTESIAN_POINT('Ctrl Pts',(1.98257283774137E-6,3.99539456895701,
2.00326430884831));
#3178=CARTESIAN_POINT('Ctrl Pts',(4.02667397234918E-14,3.99769726588062,
2.00163214656321));
#3179=CARTESIAN_POINT('Ctrl Pts',(4.02455846426619E-14,4.00000000000002,
2.00000000000002));
#3180=CARTESIAN_POINT('Ctrl Pts',(1.60000000000004,0.799999999999997,4.));
#3181=CARTESIAN_POINT('Ctrl Pts',(1.38292666114876,0.962805004138461,4.));
#3182=CARTESIAN_POINT('Ctrl Pts',(0.982454212505572,1.33402681525084,3.89000499799802));
#3183=CARTESIAN_POINT('Ctrl Pts',(0.532064239038912,1.96106094889105,3.53202184454359));
#3184=CARTESIAN_POINT('Ctrl Pts',(0.273401387580111,2.51294637554829,3.14663968249965));
#3185=CARTESIAN_POINT('Ctrl Pts',(0.131165730759039,2.96423158464981,2.80936041930488));
#3186=CARTESIAN_POINT('Ctrl Pts',(0.0557486891325074,3.3050673476906,2.54700422085173));
#3187=CARTESIAN_POINT('Ctrl Pts',(0.0104519185855804,3.6489305946326,2.27752590226605));
#3188=CARTESIAN_POINT('Ctrl Pts',(0.000198736865706044,3.87866571058028,
2.0959220202657));
#3189=CARTESIAN_POINT('Ctrl Pts',(1.8289567311679E-6,3.99555336018454,2.00351539010773));
#3190=CARTESIAN_POINT('Ctrl Pts',(4.02656445304351E-14,3.9977766705055,
2.00175769629883));
#3191=CARTESIAN_POINT('Ctrl Pts',(4.02455846426619E-14,4.00000000000002,
2.00000000000002));
#3192=CARTESIAN_POINT('',(4.139818981013E-14,4.,2.));
#3193=CARTESIAN_POINT('Ctrl Pts',(1.60000000000004,0.799999999999997,4.));
#3194=CARTESIAN_POINT('Ctrl Pts',(1.38292666114876,0.962805004138461,4.));
#3195=CARTESIAN_POINT('Ctrl Pts',(0.982454212505572,1.33402681525084,3.89000499799802));
#3196=CARTESIAN_POINT('Ctrl Pts',(0.532064239038912,1.96106094889105,3.53202184454359));
#3197=CARTESIAN_POINT('Ctrl Pts',(0.273401387580111,2.51294637554829,3.14663968249965));
#3198=CARTESIAN_POINT('Ctrl Pts',(0.131165730759039,2.96423158464981,2.80936041930488));
#3199=CARTESIAN_POINT('Ctrl Pts',(0.0557486891325074,3.3050673476906,2.54700422085173));
#3200=CARTESIAN_POINT('Ctrl Pts',(0.0104519185855804,3.6489305946326,2.27752590226605));
#3201=CARTESIAN_POINT('Ctrl Pts',(0.000198736865706044,3.87866571058028,
2.0959220202657));
#3202=CARTESIAN_POINT('Ctrl Pts',(1.8289567311679E-6,3.99555336018454,2.00351539010773));
#3203=CARTESIAN_POINT('Ctrl Pts',(4.02656445304351E-14,3.9977766705055,
2.00175769629883));
#3204=CARTESIAN_POINT('Ctrl Pts',(4.02455846426619E-14,4.00000000000002,
2.00000000000002));
#3205=CARTESIAN_POINT('Ctrl Pts',(4.02455846426619E-14,4.,2.));
#3206=CARTESIAN_POINT('Ctrl Pts',(4.02464786519434E-14,3.99722083813139,
2.00087884814952));
#3207=CARTESIAN_POINT('Ctrl Pts',(1.14309797192928E-6,3.99444170023065,
2.00175769505385));
#3208=CARTESIAN_POINT('Ctrl Pts',(0.00012421054107939,3.84833213822538,
2.04796101013283));
#3209=CARTESIAN_POINT('Ctrl Pts',(0.00653244911600162,3.56116324329074,
2.13876295113301));
#3210=CARTESIAN_POINT('Ctrl Pts',(0.0348429307078299,3.13133418461326,2.27350211042585));
#3211=CARTESIAN_POINT('Ctrl Pts',(0.0819785817244125,2.70528948081226,2.40468020965243));
#3212=CARTESIAN_POINT('Ctrl Pts',(0.170875867237583,2.14118296943536,2.57331984124982));
#3213=CARTESIAN_POINT('Ctrl Pts',(0.332540149399335,1.45132618611381,2.76601092227179));
#3214=CARTESIAN_POINT('Ctrl Pts',(0.614033882816003,0.667533519063557,2.94500249899901));
#3215=CARTESIAN_POINT('Ctrl Pts',(0.864329163218001,0.203506255173083,3.));
#3216=CARTESIAN_POINT('Ctrl Pts',(1.00000000000006,2.08166817117217E-15,
3.));
#3217=CARTESIAN_POINT('Ctrl Pts',(96.1427628939835,-0.485908644497233,2.99954011128237));
#3218=CARTESIAN_POINT('Ctrl Pts',(96.0971696935441,-0.517880813476779,2.99983231531766));
#3219=CARTESIAN_POINT('Ctrl Pts',(96.0514737217636,-0.549278682965503,3.));
#3220=CARTESIAN_POINT('Ctrl Pts',(96.0057047130023,-0.580081724624613,3.));
#3221=CARTESIAN_POINT('Ctrl Pts',(96.0157445426894,-0.221174648326671,3.00794414566835));
#3222=CARTESIAN_POINT('Ctrl Pts',(95.9724067310645,-0.250022662069573,3.00550380326944));
#3223=CARTESIAN_POINT('Ctrl Pts',(95.9289977375744,-0.278341821852046,3.00303912790818));
#3224=CARTESIAN_POINT('Ctrl Pts',(95.8856836236378,-0.306010275121345,3.));
#3225=CARTESIAN_POINT('Ctrl Pts',(95.8009148029501,0.232195613701701,3.26404707847149));
#3226=CARTESIAN_POINT('Ctrl Pts',(95.7599107541235,0.210168193920923,3.26023152219741));
#3227=CARTESIAN_POINT('Ctrl Pts',(95.718906772142,0.188897547279031,3.25594589614186));
#3228=CARTESIAN_POINT('Ctrl Pts',(95.6779551605078,0.16834336801368,3.25125965145053));
#3229=CARTESIAN_POINT('Ctrl Pts',(95.7293678414491,0.393160417485274,3.77877972860014));
#3230=CARTESIAN_POINT('Ctrl Pts',(95.6879876281546,0.373344642251339,3.77805327584544));
#3231=CARTESIAN_POINT('Ctrl Pts',(95.6463765654749,0.354217491715976,3.77699636299536));
#3232=CARTESIAN_POINT('Ctrl Pts',(95.6045637704018,0.335934620300313,3.77560052474359));
#3233=CARTESIAN_POINT('Ctrl Pts',(95.7313643555284,0.394119044060678,3.99908022256475));
#3234=CARTESIAN_POINT('Ctrl Pts',(95.6894413825929,0.373989721460979,3.99966463063531));
#3235=CARTESIAN_POINT('Ctrl Pts',(95.6471653642517,0.354590666786728,4.));
#3236=CARTESIAN_POINT('Ctrl Pts',(95.6045637704018,0.335934620300313,4.));
#3237=CARTESIAN_POINT('Ctrl Pts',(96.0057047130023,-0.580081724624613,3.));
#3238=CARTESIAN_POINT('Ctrl Pts',(96.0514737217636,-0.549278682965503,3.));
#3239=CARTESIAN_POINT('Ctrl Pts',(96.0971696935441,-0.517880813476779,2.99983231531766));
#3240=CARTESIAN_POINT('Ctrl Pts',(96.1427628939835,-0.485908644497233,2.99954011128237));
#3241=CARTESIAN_POINT('Ctrl Pts',(95.7313643555284,0.394119044060678,3.99908022256475));
#3242=CARTESIAN_POINT('Ctrl Pts',(95.6894413825929,0.373989721460979,3.99966463063531));
#3243=CARTESIAN_POINT('Ctrl Pts',(95.6471653642517,0.354590666786728,4.));
#3244=CARTESIAN_POINT('Ctrl Pts',(95.6045637704018,0.335934620300313,4.));
#3245=CARTESIAN_POINT('Origin',(49.,70.,3.));
#3246=CARTESIAN_POINT('',(1.00000000000004,-0.343145750507627,3.));
#3247=CARTESIAN_POINT('',(1.00000000000001,106.,3.));
#3248=CARTESIAN_POINT('',(1.8786796564404,-2.46446609406727,3.));
#3249=CARTESIAN_POINT('Origin',(4.00000000000004,-0.343145750507627,3.));
#3250=CARTESIAN_POINT('',(13.6776695296637,-14.2634559672906,3.));
#3251=CARTESIAN_POINT('',(-5.04289321881342,4.45710678118655,3.));
#3252=CARTESIAN_POINT('',(15.7989898732234,-15.1421356237309,3.));
#3253=CARTESIAN_POINT('Origin',(15.7989898732234,-12.1421356237309,3.));
#3254=CARTESIAN_POINT('',(80.2010101267767,-15.1421356237309,3.));
#3255=CARTESIAN_POINT('',(31.5710678118655,-15.1421356237309,3.));
#3256=CARTESIAN_POINT('',(82.3223304703363,-14.2634559672906,3.));
#3257=CARTESIAN_POINT('Origin',(80.2010101267767,-12.1421356237309,3.));
#3258=CARTESIAN_POINT('',(94.471825406948,-2.11396103067892,3.));
#3259=CARTESIAN_POINT('Origin',(1.00000000000001,106.,2.));
#3260=CARTESIAN_POINT('',(4.27435864480685E-14,-0.343145750507627,2.));
#3261=CARTESIAN_POINT('',(1.08246744900953E-14,106.,2.));
#3262=CARTESIAN_POINT('Origin',(1.00000000000004,-0.343145750507627,2.));
#3263=CARTESIAN_POINT('Origin',(4.00000000000004,4.,1.5));
#3264=CARTESIAN_POINT('',(4.00000000000004,0.,30.));
#3265=CARTESIAN_POINT('',(4.00000000000004,0.,1.5));
#3266=CARTESIAN_POINT('',(4.16333634234434E-14,4.,30.));
#3267=CARTESIAN_POINT('Origin',(4.00000000000004,4.,30.));
#3268=CARTESIAN_POINT('',(4.16333634234434E-14,4.,1.5));
#3269=CARTESIAN_POINT('Origin',(0.,0.,3.));
#3270=CARTESIAN_POINT('',(94.,0.,30.));
#3271=CARTESIAN_POINT('',(94.,0.,1.5));
#3272=CARTESIAN_POINT('',(24.5,0.,30.));
#3273=CARTESIAN_POINT('Ctrl Pts',(1.38777878078145E-16,138.,2.));
#3274=CARTESIAN_POINT('Ctrl Pts',(1.38005833478269E-16,138.002779161868,
2.00087884815049));
#3275=CARTESIAN_POINT('Ctrl Pts',(8.10667703467826E-7,138.005558990636,
2.00175846690775));
#3276=CARTESIAN_POINT('Ctrl Pts',(0.000803179353954929,138.797984845766,
2.2521182129014));
#3277=CARTESIAN_POINT('Ctrl Pts',(0.0933478714653082,139.596040500176,2.50678257713241));
#3278=CARTESIAN_POINT('Ctrl Pts',(0.291512508985035,140.343145750508,2.70572337007876));
#3279=CARTESIAN_POINT('Ctrl Pts',(1.38777878078145E-16,138.,2.));
#3280=CARTESIAN_POINT('Ctrl Pts',(-5.59559331862248E-5,138.002587388417,
2.00116998180975));
#3281=CARTESIAN_POINT('Ctrl Pts',(5.51294168027933E-5,138.005194740208,
2.00234601841568));
#3282=CARTESIAN_POINT('Ctrl Pts',(-0.000767892540538441,138.744451839029,
2.33627430934078));
#3283=CARTESIAN_POINT('Ctrl Pts',(0.163359107412311,139.490621098604,2.67467123183758));
#3284=CARTESIAN_POINT('Ctrl Pts',(0.459722687659637,140.163978908939,2.87459238094777));
#3285=CARTESIAN_POINT('Ctrl Pts',(1.38777878078145E-16,138.,2.));
#3286=CARTESIAN_POINT('Ctrl Pts',(-4.42186262039613E-5,138.002399733956,
2.00146874150801));
#3287=CARTESIAN_POINT('Ctrl Pts',(4.39197548424517E-5,138.004826158952,
2.00292738966804));
#3288=CARTESIAN_POINT('Ctrl Pts',(-0.000127972723877266,138.691359127743,
2.42007137479312));
#3289=CARTESIAN_POINT('Ctrl Pts',(0.17987378793983,139.383759148643,2.84554330456643));
#3290=CARTESIAN_POINT('Ctrl Pts',(0.525906611209885,139.986652522776,3.14163376072446));
#3291=CARTESIAN_POINT('Ctrl Pts',(1.38777878078145E-16,138.,2.));
#3292=CARTESIAN_POINT('Ctrl Pts',(1.29956164509277E-16,138.002223329493,
2.00175769630004));
#3293=CARTESIAN_POINT('Ctrl Pts',(1.29706832619098E-6,138.004447192509,
2.0035169338155));
#3294=CARTESIAN_POINT('Ctrl Pts',(0.00128508696637401,138.638387876612,
2.50423642580299));
#3295=CARTESIAN_POINT('Ctrl Pts',(0.149356594344417,139.276832400141,3.01356515426474));
#3296=CARTESIAN_POINT('Ctrl Pts',(0.466420014376057,139.874516600406,3.41144674015752));
#3297=CARTESIAN_POINT('',(0.466420014376049,139.874516600406,3.41144674015751));
#3298=CARTESIAN_POINT('',(0.291512508985032,140.343145750508,2.70572337007876));
#3299=CARTESIAN_POINT('Origin',(-0.416974982029937,140.343145750508,3.41144674015751));
#3300=CARTESIAN_POINT('',(1.23298340930007E-15,138.,2.));
#3301=CARTESIAN_POINT('Ctrl Pts',(0.291512508985035,140.343145750508,2.70572337007876));
#3302=CARTESIAN_POINT('Ctrl Pts',(0.0933478714653082,139.596040500176,2.50678257713241));
#3303=CARTESIAN_POINT('Ctrl Pts',(0.000803179353954929,138.797984845766,
2.2521182129014));
#3304=CARTESIAN_POINT('Ctrl Pts',(8.10667703467826E-7,138.005558990636,
2.00175846690775));
#3305=CARTESIAN_POINT('Ctrl Pts',(1.38005833478269E-16,138.002779161868,
2.00087884815049));
#3306=CARTESIAN_POINT('Ctrl Pts',(1.38777878078145E-16,138.,2.));
#3307=CARTESIAN_POINT('Ctrl Pts',(1.38777878078145E-16,138.,2.));
#3308=CARTESIAN_POINT('Ctrl Pts',(1.29956164509277E-16,138.002223329493,
2.00175769630004));
#3309=CARTESIAN_POINT('Ctrl Pts',(1.29706832619098E-6,138.004447192509,
2.0035169338155));
#3310=CARTESIAN_POINT('Ctrl Pts',(0.00128508696637401,138.638387876612,
2.50423642580299));
#3311=CARTESIAN_POINT('Ctrl Pts',(0.149356594344417,139.276832400141,3.01356515426474));
#3312=CARTESIAN_POINT('Ctrl Pts',(0.466420014376057,139.874516600406,3.41144674015752));
#3313=CARTESIAN_POINT('Ctrl Pts',(0.291512508985025,140.343145750508,2.70572337007875));
#3314=CARTESIAN_POINT('Ctrl Pts',(0.33130874708076,140.469116447068,2.74567547890169));
#3315=CARTESIAN_POINT('Ctrl Pts',(0.378754564387992,140.598213086317,2.7801365542927));
#3316=CARTESIAN_POINT('Ctrl Pts',(0.434474138465094,140.728245225659,2.81012139868303));
#3317=CARTESIAN_POINT('Ctrl Pts',(0.459722687659621,140.163978908939,2.87459238094776));
#3318=CARTESIAN_POINT('Ctrl Pts',(0.515152806674289,140.281544605138,2.91679444552638));
#3319=CARTESIAN_POINT('Ctrl Pts',(0.576474765406669,140.400683757366,2.95136876234658));
#3320=CARTESIAN_POINT('Ctrl Pts',(0.645299588192212,140.518114236055,2.97813681572159));
#3321=CARTESIAN_POINT('Ctrl Pts',(0.525906611209867,139.986652522776,3.14163376072444));
#3322=CARTESIAN_POINT('Ctrl Pts',(0.591195411564359,140.099781572992,3.20225873469395));
#3323=CARTESIAN_POINT('Ctrl Pts',(0.662842035893789,140.213359707088,3.25368040073714));
#3324=CARTESIAN_POINT('Ctrl Pts',(0.74224530139973,140.323566342159,3.29635182691054));
#3325=CARTESIAN_POINT('Ctrl Pts',(0.466420014376041,139.874516600406,3.4114467401575));
#3326=CARTESIAN_POINT('Ctrl Pts',(0.530093995329296,139.994546001401,3.49135095780347));
#3327=CARTESIAN_POINT('Ctrl Pts',(0.601850475206233,140.114905616137,3.56027310858546));
#3328=CARTESIAN_POINT('Ctrl Pts',(0.681281466901791,140.23295931402,3.62024279736606));
#3329=CARTESIAN_POINT('',(0.681281466901799,140.23295931402,3.62024279736606));
#3330=CARTESIAN_POINT('',(0.434474138465095,140.728245225659,2.81012139868303));
#3331=CARTESIAN_POINT('Origin',(-0.14839816637275,140.791199142526,3.62024279736606));
#3332=CARTESIAN_POINT('Ctrl Pts',(0.434474138465094,140.728245225659,2.81012139868303));
#3333=CARTESIAN_POINT('Ctrl Pts',(0.378754564387992,140.598213086317,2.7801365542927));
#3334=CARTESIAN_POINT('Ctrl Pts',(0.33130874708076,140.469116447068,2.74567547890169));
#3335=CARTESIAN_POINT('Ctrl Pts',(0.291512508985025,140.343145750508,2.70572337007875));
#3336=CARTESIAN_POINT('Ctrl Pts',(0.466420014376041,139.874516600406,3.4114467401575));
#3337=CARTESIAN_POINT('Ctrl Pts',(0.530093995329296,139.994546001401,3.49135095780347));
#3338=CARTESIAN_POINT('Ctrl Pts',(0.601850475206233,140.114905616137,3.56027310858546));
#3339=CARTESIAN_POINT('Ctrl Pts',(0.681281466901791,140.23295931402,3.62024279736606));
#3340=CARTESIAN_POINT('Ctrl Pts',(0.434474138465093,140.728245225659,2.81012139868303));
#3341=CARTESIAN_POINT('Ctrl Pts',(0.700905027562211,141.35001197585,2.95349810036601));
#3342=CARTESIAN_POINT('Ctrl Pts',(1.15925907233748,141.998224834089,2.99502879209063));
#3343=CARTESIAN_POINT('Ctrl Pts',(1.85723710601651,142.485908644497,2.99954011128237));
#3344=CARTESIAN_POINT('Ctrl Pts',(0.554945824023445,140.608170374456,2.90613020841935));
#3345=CARTESIAN_POINT('Ctrl Pts',(0.856550334681411,141.196044265175,3.04129663171092));
#3346=CARTESIAN_POINT('Ctrl Pts',(1.32130737153261,141.781208124325,3.04479458851834));
#3347=CARTESIAN_POINT('Ctrl Pts',(1.98425545731062,142.221174648327,3.00794414566835));
#3348=CARTESIAN_POINT('Ctrl Pts',(0.70518771373902,140.404961168017,3.15741832194034));
#3349=CARTESIAN_POINT('Ctrl Pts',(1.0642797281786,140.945805099013,3.32786820783112));
#3350=CARTESIAN_POINT('Ctrl Pts',(1.57097896403088,141.430873390213,3.321717086368));
#3351=CARTESIAN_POINT('Ctrl Pts',(2.19907108442268,141.76783317342,3.26407312626814));
#3352=CARTESIAN_POINT('Ctrl Pts',(0.707408824543768,140.271790897508,3.48143238145655));
#3353=CARTESIAN_POINT('Ctrl Pts',(1.08648868241121,140.820771117651,3.73336138529263));
#3354=CARTESIAN_POINT('Ctrl Pts',(1.63334172502873,141.30165444858,3.78961885651319));
#3355=CARTESIAN_POINT('Ctrl Pts',(2.27063215855093,141.606839582515,3.77877972860015));
#3356=CARTESIAN_POINT('Ctrl Pts',(0.681281466901796,140.23295931402,3.62024279736606));
#3357=CARTESIAN_POINT('Ctrl Pts',(1.0610917954958,140.797449481241,3.906996200732));
#3358=CARTESIAN_POINT('Ctrl Pts',(1.6213895782229,141.295105646923,3.99005758418126));
#3359=CARTESIAN_POINT('Ctrl Pts',(2.26863564447169,141.605880955939,3.99908022256474));
#3360=CARTESIAN_POINT('',(2.26863564447158,141.605880955939,3.99908022256474));
#3361=CARTESIAN_POINT('',(1.8572371060168,142.485908644497,2.99954011128239));
#3362=CARTESIAN_POINT('Origin',(1.83579455558947,142.507351194924,3.99908022256474));
#3363=CARTESIAN_POINT('Ctrl Pts',(1.85723710601651,142.485908644497,2.99954011128237));
#3364=CARTESIAN_POINT('Ctrl Pts',(1.15925907233748,141.998224834089,2.99502879209063));
#3365=CARTESIAN_POINT('Ctrl Pts',(0.700905027562211,141.35001197585,2.95349810036601));
#3366=CARTESIAN_POINT('Ctrl Pts',(0.434474138465093,140.728245225659,2.81012139868303));
#3367=CARTESIAN_POINT('Ctrl Pts',(0.681281466901796,140.23295931402,3.62024279736606));
#3368=CARTESIAN_POINT('Ctrl Pts',(1.0610917954958,140.797449481241,3.906996200732));
#3369=CARTESIAN_POINT('Ctrl Pts',(1.6213895782229,141.295105646923,3.99005758418126));
#3370=CARTESIAN_POINT('Ctrl Pts',(2.26863564447169,141.605880955939,3.99908022256474));
#3371=CARTESIAN_POINT('Origin',(4.,138.,4.));
#3372=CARTESIAN_POINT('',(1.99429528699771,142.580081724625,3.));
#3373=CARTESIAN_POINT('',(2.39543622959817,141.6640653797,4.));
#3374=CARTESIAN_POINT('Origin',(1.99429528699771,142.580081724625,4.));
#3375=CARTESIAN_POINT('',(4.,142.,4.));
#3376=CARTESIAN_POINT('Origin',(4.,138.,4.));
#3377=CARTESIAN_POINT('',(4.,143.,3.));
#3378=CARTESIAN_POINT('Origin',(4.,143.,4.));
#3379=CARTESIAN_POINT('Origin',(4.,138.,3.));
#3380=CARTESIAN_POINT('Origin',(73.5,143.,4.));
#3381=CARTESIAN_POINT('',(95.5857864376269,142.,4.));
#3382=CARTESIAN_POINT('',(95.5857864376269,143.,3.));
#3383=CARTESIAN_POINT('Origin',(95.5857864376269,143.,4.));
#3384=CARTESIAN_POINT('',(73.5,143.,3.));
#3385=CARTESIAN_POINT('',(73.5,142.,4.));
#3386=CARTESIAN_POINT('Ctrl Pts',(1.85723710601641,142.485908644497,2.99954011128237));
#3387=CARTESIAN_POINT('Ctrl Pts',(1.90283030645583,142.517880813477,2.99983231531766));
#3388=CARTESIAN_POINT('Ctrl Pts',(1.94852627823639,142.549278682966,3.));
#3389=CARTESIAN_POINT('Ctrl Pts',(1.99429528699772,142.580081724625,3.));
#3390=CARTESIAN_POINT('Ctrl Pts',(1.98425545731053,142.221174648327,3.00794414566835));
#3391=CARTESIAN_POINT('Ctrl Pts',(2.02759326893545,142.25002266207,3.00550380326945));
#3392=CARTESIAN_POINT('Ctrl Pts',(2.07100226242563,142.278341821852,3.00303912790818));
#3393=CARTESIAN_POINT('Ctrl Pts',(2.11431637636226,142.306010275121,3.));
#3394=CARTESIAN_POINT('Ctrl Pts',(2.19907104602636,141.767833251741,3.26407319713638));
#3395=CARTESIAN_POINT('Ctrl Pts',(2.24007509485303,141.789860671522,3.26025764086229));
#3396=CARTESIAN_POINT('Ctrl Pts',(2.28107954067574,141.811133707777,3.25597433334329));
#3397=CARTESIAN_POINT('Ctrl Pts',(2.32203115230999,141.831687887042,3.25128808865196));
#3398=CARTESIAN_POINT('Ctrl Pts',(2.27063215855082,141.606839582515,3.77877972860015));
#3399=CARTESIAN_POINT('Ctrl Pts',(2.31201237184532,141.626655357749,3.77805327584544));
#3400=CARTESIAN_POINT('Ctrl Pts',(2.35362343452511,141.645782508284,3.77699636299536));
#3401=CARTESIAN_POINT('Ctrl Pts',(2.39543622959816,141.6640653797,3.77560052474359));
#3402=CARTESIAN_POINT('Ctrl Pts',(2.26863564447157,141.605880955939,3.99908022256474));
#3403=CARTESIAN_POINT('Ctrl Pts',(2.31055861740705,141.626010278539,3.99966463063531));
#3404=CARTESIAN_POINT('Ctrl Pts',(2.35283463574823,141.645409333213,4.));
#3405=CARTESIAN_POINT('Ctrl Pts',(2.39543622959816,141.6640653797,4.));
#3406=CARTESIAN_POINT('Ctrl Pts',(1.99429528699772,142.580081724625,3.));
#3407=CARTESIAN_POINT('Ctrl Pts',(1.94852627823639,142.549278682966,3.));
#3408=CARTESIAN_POINT('Ctrl Pts',(1.90283030645583,142.517880813477,2.99983231531766));
#3409=CARTESIAN_POINT('Ctrl Pts',(1.85723710601641,142.485908644497,2.99954011128237));
#3410=CARTESIAN_POINT('Ctrl Pts',(2.26863564447157,141.605880955939,3.99908022256474));
#3411=CARTESIAN_POINT('Ctrl Pts',(2.31055861740705,141.626010278539,3.99966463063531));
#3412=CARTESIAN_POINT('Ctrl Pts',(2.35283463574823,141.645409333213,4.));
#3413=CARTESIAN_POINT('Ctrl Pts',(2.39543622959816,141.6640653797,4.));
#3414=CARTESIAN_POINT('Ctrl Pts',(96.3890872964191,142.732233047064,2.92552780500595));
#3415=CARTESIAN_POINT('Ctrl Pts',(96.4531452256111,142.713956401305,2.91228269805281));
#3416=CARTESIAN_POINT('Ctrl Pts',(96.5149252547043,142.696403963508,2.89688681889078));
#3417=CARTESIAN_POINT('Ctrl Pts',(96.5743148043708,142.679700206473,2.87913306086794));
#3418=CARTESIAN_POINT('Ctrl Pts',(96.4052074325367,142.523522928947,2.9812465336787));
#3419=CARTESIAN_POINT('Ctrl Pts',(96.4718611317215,142.509404290745,2.97055322805843));
#3420=CARTESIAN_POINT('Ctrl Pts',(96.5365580266881,142.495907525964,2.95703402450941));
#3421=CARTESIAN_POINT('Ctrl Pts',(96.5990682184353,142.48317149835,2.94079927879351));
#3422=CARTESIAN_POINT('Ctrl Pts',(96.4765001446851,142.146097114623,3.22766748543526));
#3423=CARTESIAN_POINT('Ctrl Pts',(96.5512062292602,142.141655777482,3.21583499894942));
#3424=CARTESIAN_POINT('Ctrl Pts',(96.6243635193187,142.137520099481,3.20054211504538));
#3425=CARTESIAN_POINT('Ctrl Pts',(96.6956315470972,142.133590495254,3.18135984362649));
#3426=CARTESIAN_POINT('Ctrl Pts',(96.5966521372386,142.,3.64296895831036));
#3427=CARTESIAN_POINT('Ctrl Pts',(96.6825905500904,142.000057694666,3.62141123748157));
#3428=CARTESIAN_POINT('Ctrl Pts',(96.7672006163942,141.999953019989,3.59576802827509));
#3429=CARTESIAN_POINT('Ctrl Pts',(96.8499252690257,142.,3.56573956014621));
#3430=CARTESIAN_POINT('Ctrl Pts',(96.6568542493396,142.,3.85105561001189));
#3431=CARTESIAN_POINT('Ctrl Pts',(96.7484168162038,142.,3.82456539610562));
#3432=CARTESIAN_POINT('Ctrl Pts',(96.8387502263805,142.,3.79377363778156));
#3433=CARTESIAN_POINT('Ctrl Pts',(96.9272072859509,142.,3.75826612173588));
#3434=CARTESIAN_POINT('',(96.9272072859509,142.,3.75826612173587));
#3435=CARTESIAN_POINT('',(96.5743148043708,142.679700206473,2.87913306086794));
#3436=CARTESIAN_POINT('Origin',(96.9272072859509,143.,3.75826612173587));
#3437=CARTESIAN_POINT('',(96.3890872964535,142.73223304703,2.92552780500595));
#3438=CARTESIAN_POINT('Ctrl Pts',(96.5743148043708,142.679700206473,2.87913306086794));
#3439=CARTESIAN_POINT('Ctrl Pts',(96.5149252547043,142.696403963508,2.89688681889078));
#3440=CARTESIAN_POINT('Ctrl Pts',(96.4531452256111,142.713956401305,2.91228269805281));
#3441=CARTESIAN_POINT('Ctrl Pts',(96.3890872964191,142.732233047064,2.92552780500595));
#3442=CARTESIAN_POINT('',(96.6568542493396,142.,3.8510556100119));
#3443=CARTESIAN_POINT('Origin',(96.6568542493396,143.,3.8510556100119));
#3444=CARTESIAN_POINT('Ctrl Pts',(96.6568542493396,142.,3.85105561001189));
#3445=CARTESIAN_POINT('Ctrl Pts',(96.7484168162038,142.,3.82456539610562));
#3446=CARTESIAN_POINT('Ctrl Pts',(96.8387502263805,142.,3.79377363778156));
#3447=CARTESIAN_POINT('Ctrl Pts',(96.9272072859509,142.,3.75826612173588));
#3448=CARTESIAN_POINT('Ctrl Pts',(96.5743148043708,142.679700206473,2.87913306086794));
#3449=CARTESIAN_POINT('Ctrl Pts',(96.8410012035271,142.604692653109,2.79941052003061));
#3450=CARTESIAN_POINT('Ctrl Pts',(97.2139633361063,142.3869462445,2.63802725241857));
#3451=CARTESIAN_POINT('Ctrl Pts',(97.6721186941515,141.867956772146,2.33136409559628));
#3452=CARTESIAN_POINT('Ctrl Pts',(97.8414480324949,141.488840289544,2.13402485593506));
#3453=CARTESIAN_POINT('Ctrl Pts',(97.9020650756085,141.222853371354,2.00193616905749));
#3454=CARTESIAN_POINT('Ctrl Pts',(97.9025051425939,141.220902899196,2.00096825136963));
#3455=CARTESIAN_POINT('Ctrl Pts',(97.9029430479345,141.218951416498,2.));
#3456=CARTESIAN_POINT('Ctrl Pts',(96.5990682184353,142.48317149835,2.94079927879351));
#3457=CARTESIAN_POINT('Ctrl Pts',(96.8408768968278,142.437766795895,2.87943914785632));
#3458=CARTESIAN_POINT('Ctrl Pts',(97.2071257621206,142.275519139786,2.72367988772409));
#3459=CARTESIAN_POINT('Ctrl Pts',(97.6728155352974,141.823537394381,2.38653316209975));
#3460=CARTESIAN_POINT('Ctrl Pts',(97.8452148084682,141.471938158112,2.15638285848608));
#3461=CARTESIAN_POINT('Ctrl Pts',(97.9021192596648,141.222609424568,2.0022587584299));
#3462=CARTESIAN_POINT('Ctrl Pts',(97.9025325116773,141.220780931529,2.00112962659934));
#3463=CARTESIAN_POINT('Ctrl Pts',(97.9029430479345,141.218951416498,2.));
#3464=CARTESIAN_POINT('Ctrl Pts',(96.6956315470973,142.133590495254,3.18135984362648));
#3465=CARTESIAN_POINT('Ctrl Pts',(96.8932594797959,142.145431339909,3.11485651226008));
#3466=CARTESIAN_POINT('Ctrl Pts',(97.2335641661152,142.075431241242,2.9247204196657));
#3467=CARTESIAN_POINT('Ctrl Pts',(97.6850732357212,141.737324547296,2.49646958104597));
#3468=CARTESIAN_POINT('Ctrl Pts',(97.8527449152995,141.438037785716,2.20095567453969));
#3469=CARTESIAN_POINT('Ctrl Pts',(97.9022285152273,141.222122212253,2.00290465993519));
#3470=CARTESIAN_POINT('Ctrl Pts',(97.9025872498441,141.220536996196,2.00145237705874));
#3471=CARTESIAN_POINT('Ctrl Pts',(97.9029430479345,141.218951416498,2.00000000000001));
#3472=CARTESIAN_POINT('Ctrl Pts',(96.8499252690257,142.,3.56573956014621));
#3473=CARTESIAN_POINT('Ctrl Pts',(97.0392438078468,142.015767251382,3.43756262585184));
#3474=CARTESIAN_POINT('Ctrl Pts',(97.3369711047535,141.950255880286,3.15903480383548));
#3475=CARTESIAN_POINT('Ctrl Pts',(97.7205125718204,141.659059654762,2.60741225319655));
#3476=CARTESIAN_POINT('Ctrl Pts',(97.8604797804864,141.404456382794,2.24570247468788));
#3477=CARTESIAN_POINT('Ctrl Pts',(97.9023384845852,141.221633799174,2.00354969118231));
#3478=CARTESIAN_POINT('Ctrl Pts',(97.9026419880108,141.220293060862,2.00177512751814));
#3479=CARTESIAN_POINT('Ctrl Pts',(97.9029430479345,141.218951416498,2.00000000000001));
#3480=CARTESIAN_POINT('Ctrl Pts',(96.9272072859509,142.,3.75826612173587));
#3481=CARTESIAN_POINT('Ctrl Pts',(97.1258137312702,142.,3.59882104006119));
#3482=CARTESIAN_POINT('Ctrl Pts',(97.4045782995881,141.910236408904,3.27605450483702));
#3483=CARTESIAN_POINT('Ctrl Pts',(97.7439403832256,141.621155382236,2.66272819119252));
#3484=CARTESIAN_POINT('Ctrl Pts',(97.8643600730913,141.387579283538,2.2680497118699));
#3485=CARTESIAN_POINT('Ctrl Pts',(97.9023938398028,141.221390127062,2.003872338115));
#3486=CARTESIAN_POINT('Ctrl Pts',(97.9026693570942,141.220171093195,2.00193650274784));
#3487=CARTESIAN_POINT('Ctrl Pts',(97.9029430479345,141.218951416498,2.00000000000001));
#3488=CARTESIAN_POINT('',(97.9029430479345,141.218951416497,2.));
#3489=CARTESIAN_POINT('Ctrl Pts',(96.9272072859509,142.,3.75826612173587));
#3490=CARTESIAN_POINT('Ctrl Pts',(97.1258137312702,142.,3.59882104006119));
#3491=CARTESIAN_POINT('Ctrl Pts',(97.4045782995881,141.910236408904,3.27605450483702));
#3492=CARTESIAN_POINT('Ctrl Pts',(97.7439403832256,141.621155382236,2.66272819119252));
#3493=CARTESIAN_POINT('Ctrl Pts',(97.8643600730913,141.387579283538,2.2680497118699));
#3494=CARTESIAN_POINT('Ctrl Pts',(97.9023938398028,141.221390127062,2.003872338115));
#3495=CARTESIAN_POINT('Ctrl Pts',(97.9026693570942,141.220171093195,2.00193650274784));
#3496=CARTESIAN_POINT('Ctrl Pts',(97.9029430479345,141.218951416498,2.00000000000001));
#3497=CARTESIAN_POINT('Ctrl Pts',(97.9029430479345,141.218951416498,2.));
#3498=CARTESIAN_POINT('Ctrl Pts',(97.9025051425939,141.220902899196,2.00096825136963));
#3499=CARTESIAN_POINT('Ctrl Pts',(97.9020650756085,141.222853371354,2.00193616905749));
#3500=CARTESIAN_POINT('Ctrl Pts',(97.8414480324949,141.488840289544,2.13402485593506));
#3501=CARTESIAN_POINT('Ctrl Pts',(97.6721186941515,141.867956772146,2.33136409559628));
#3502=CARTESIAN_POINT('Ctrl Pts',(97.2139633361063,142.3869462445,2.63802725241857));
#3503=CARTESIAN_POINT('Ctrl Pts',(96.8410012035271,142.604692653109,2.79941052003061));
#3504=CARTESIAN_POINT('Ctrl Pts',(96.5743148043708,142.679700206473,2.87913306086794));
#3505=CARTESIAN_POINT('Ctrl Pts',(95.585786437627,143.,3.));
#3506=CARTESIAN_POINT('Ctrl Pts',(95.860404999666,142.90846047932,2.99999999999998));
#3507=CARTESIAN_POINT('Ctrl Pts',(96.1349201814736,142.816955418718,2.97455032205574));
#3508=CARTESIAN_POINT('Ctrl Pts',(96.3890872964114,142.732233047072,2.92552780500592));
#3509=CARTESIAN_POINT('Ctrl Pts',(95.585786437627,142.700800699658,2.99999999999997));
#3510=CARTESIAN_POINT('Ctrl Pts',(95.8601124537351,142.626782641982,3.02822573001354));
#3511=CARTESIAN_POINT('Ctrl Pts',(96.1424905855206,142.556308454262,3.02376250666534));
#3512=CARTESIAN_POINT('Ctrl Pts',(96.4075103091173,142.493707197793,2.9892063520589));
#3513=CARTESIAN_POINT('Ctrl Pts',(95.585786437627,142.183020221441,3.251312660742));
#3514=CARTESIAN_POINT('Ctrl Pts',(95.8834782275662,142.160724820051,3.29483589550918));
#3515=CARTESIAN_POINT('Ctrl Pts',(96.192856585038,142.140871341605,3.2970536066473));
#3516=CARTESIAN_POINT('Ctrl Pts',(96.4847518914231,142.123639120296,3.25618938093863));
#3517=CARTESIAN_POINT('Ctrl Pts',(95.5857864376269,142.,3.77560052474357));
#3518=CARTESIAN_POINT('Ctrl Pts',(95.9314451188374,142.000236040196,3.78856429422865));
#3519=CARTESIAN_POINT('Ctrl Pts',(96.2804578722736,141.999894792364,3.75364931422572));
#3520=CARTESIAN_POINT('Ctrl Pts',(96.6052524389656,142.,3.67269562283844));
#3521=CARTESIAN_POINT('Ctrl Pts',(95.5857864376269,142.,4.));
#3522=CARTESIAN_POINT('Ctrl Pts',(95.9519445203456,142.,4.));
#3523=CARTESIAN_POINT('Ctrl Pts',(96.3179647627558,142.,3.94910064411151));
#3524=CARTESIAN_POINT('Ctrl Pts',(96.6568542493396,142.,3.85105561001189));
#3525=CARTESIAN_POINT('Origin',(95.5857864376269,143.,2.));
#3526=CARTESIAN_POINT('Origin',(95.5857864376269,142.,2.));
#3527=CARTESIAN_POINT('Origin',(4.,140.343145750508,2.));
#3528=CARTESIAN_POINT('',(1.1715728752538,143.171572875254,2.));
#3529=CARTESIAN_POINT('Origin',(1.87867965644033,142.464466094067,2.));
#3530=CARTESIAN_POINT('',(0.0231285910705936,140.772673161554,2.));
#3531=CARTESIAN_POINT('Origin',(4.,140.343145750508,2.));
#3532=CARTESIAN_POINT('Origin',(1.01734644330294,140.665291308792,2.));
#3533=CARTESIAN_POINT('Origin',(2.02817459305202,142.613961030679,2.));
#3534=CARTESIAN_POINT('',(13.6776695296637,154.263455967291,3.));
#3535=CARTESIAN_POINT('',(2.02817459305202,142.613961030679,3.));
#3536=CARTESIAN_POINT('',(12.9705627484772,154.970562748477,2.));
#3537=CARTESIAN_POINT('Origin',(13.6776695296637,154.263455967291,2.));
#3538=CARTESIAN_POINT('',(1.32106781186548,143.321067811866,2.));
#3539=CARTESIAN_POINT('Origin',(49.,70.,3.));
#3540=CARTESIAN_POINT('',(84.3223304703363,154.263455967291,3.));
#3541=CARTESIAN_POINT('',(103.042893218813,135.542893218814,3.));
#3542=CARTESIAN_POINT('',(82.2010101267767,155.142135623731,3.));
#3543=CARTESIAN_POINT('Origin',(82.2010101267767,152.142135623731,3.));
#3544=CARTESIAN_POINT('',(15.7989898732233,155.142135623731,3.));
#3545=CARTESIAN_POINT('',(66.4289321881345,155.142135623731,3.));
#3546=CARTESIAN_POINT('Origin',(15.7989898732233,152.142135623731,3.));
#3547=CARTESIAN_POINT('Origin',(103.042893218813,135.542893218814,2.));
#3548=CARTESIAN_POINT('',(96.8284271247462,143.171572875254,2.));
#3549=CARTESIAN_POINT('Origin',(96.1213203435597,142.464466094067,2.));
#3550=CARTESIAN_POINT('',(85.0294372515229,154.970562748477,2.));
#3551=CARTESIAN_POINT('',(103.75,136.25,2.));
#3552=CARTESIAN_POINT('Origin',(84.3223304703363,154.263455967291,2.));
#3553=CARTESIAN_POINT('Origin',(94.,140.343145750508,2.));
#3554=CARTESIAN_POINT('Origin',(94.,140.343145750508,2.));
#3555=CARTESIAN_POINT('Origin',(96.9272072859509,141.,0.));
#3556=CARTESIAN_POINT('',(96.9272072859509,142.,30.));
#3557=CARTESIAN_POINT('',(96.9272072859509,142.,0.));
#3558=CARTESIAN_POINT('',(97.9029430479345,141.218951416497,30.));
#3559=CARTESIAN_POINT('Origin',(96.9272072859509,141.,30.));
#3560=CARTESIAN_POINT('',(97.9029430479345,141.218951416497,0.));
#3561=CARTESIAN_POINT('Origin',(97.,13.,4.5));
#3562=CARTESIAN_POINT('',(98.,13.,27.));
#3563=CARTESIAN_POINT('',(98.,13.,8.));
#3564=CARTESIAN_POINT('',(98.,13.,4.5));
#3565=CARTESIAN_POINT('',(97.,14.,9.));
#3566=CARTESIAN_POINT('Origin',(97.,13.,8.));
#3567=CARTESIAN_POINT('',(97.,14.,26.));
#3568=CARTESIAN_POINT('',(97.,14.,4.5));
#3569=CARTESIAN_POINT('Origin',(97.,13.,27.));
#3570=CARTESIAN_POINT('Origin',(97.,129.,13.));
#3571=CARTESIAN_POINT('',(98.,129.,8.));
#3572=CARTESIAN_POINT('',(98.,129.,27.));
#3573=CARTESIAN_POINT('',(98.,129.,13.));
#3574=CARTESIAN_POINT('',(97.,128.,26.));
#3575=CARTESIAN_POINT('Origin',(97.,129.,27.));
#3576=CARTESIAN_POINT('',(97.,128.,9.));
#3577=CARTESIAN_POINT('',(97.,128.,13.));
#3578=CARTESIAN_POINT('Origin',(97.,129.,8.));
#3579=CARTESIAN_POINT('Origin',(97.,7.,27.));
#3580=CARTESIAN_POINT('',(97.,7.,26.));
#3581=CARTESIAN_POINT('',(98.,7.,27.));
#3582=CARTESIAN_POINT('Origin',(97.,64.,8.));
#3583=CARTESIAN_POINT('',(98.,64.,8.));
#3584=CARTESIAN_POINT('',(97.,64.,9.));
#3585=CARTESIAN_POINT('Origin',(98.,128.,9.));
#3586=CARTESIAN_POINT('',(95.19,128.,9.));
#3587=CARTESIAN_POINT('',(98.,128.,9.));
#3588=CARTESIAN_POINT('',(95.19,14.,9.));
#3589=CARTESIAN_POINT('',(95.19,64.,9.));
#3590=CARTESIAN_POINT('',(98.,14.,9.));
#3591=CARTESIAN_POINT('Origin',(98.,128.,26.));
#3592=CARTESIAN_POINT('',(95.19,128.,26.));
#3593=CARTESIAN_POINT('',(98.,128.,26.));
#3594=CARTESIAN_POINT('',(95.19,128.,13.));
#3595=CARTESIAN_POINT('Origin',(98.,0.,0.));
#3596=CARTESIAN_POINT('',(98.,4.,30.));
#3597=CARTESIAN_POINT('',(98.,4.,1.5));
#3598=CARTESIAN_POINT('',(98.,1.65685424949238,2.));
#3599=CARTESIAN_POINT('',(98.,35.,2.));
#3600=CARTESIAN_POINT('',(98.,1.65685424949238,1.));
#3601=CARTESIAN_POINT('',(98.,1.65685424949238,0.));
#3602=CARTESIAN_POINT('',(98.,140.343145750508,1.));
#3603=CARTESIAN_POINT('',(98.,35.,1.));
#3604=CARTESIAN_POINT('',(98.,140.343145750508,30.));
#3605=CARTESIAN_POINT('',(98.,140.343145750508,0.));
#3606=CARTESIAN_POINT('',(98.,35.,30.));
#3607=CARTESIAN_POINT('Origin',(1.,125.979071173042,18.2428154023294));
#3608=CARTESIAN_POINT('',(4.85722573273506E-15,125.979071173042,28.095655548412));
#3609=CARTESIAN_POINT('Origin',(4.85722573273506E-15,125.979071173042,18.2428154023294));
#3610=CARTESIAN_POINT('',(1.,125.979071173042,27.095655548412));
#3611=CARTESIAN_POINT('Origin',(1.,125.979071173042,28.095655548412));
#3612=CARTESIAN_POINT('',(1.,117.126231026959,18.2428154023294));
#3613=CARTESIAN_POINT('Origin',(1.,125.979071173042,18.2428154023294));
#3614=CARTESIAN_POINT('Origin',(1.,125.979071173042,18.2428154023294));
#3615=CARTESIAN_POINT('Origin',(0.,142.,0.));
#3616=CARTESIAN_POINT('',(1.11022302462516E-15,138.,30.));
#3617=CARTESIAN_POINT('',(1.08246744900953E-14,106.,30.));
#3618=CARTESIAN_POINT('',(1.11022302462516E-15,138.,1.5));
#3619=CARTESIAN_POINT('',(5.55111512312578E-16,140.343145750508,2.));
#3620=CARTESIAN_POINT('',(1.08246744900953E-14,106.,2.));
#3621=CARTESIAN_POINT('',(5.55111512312578E-16,140.343145750508,1.));
#3622=CARTESIAN_POINT('',(5.55111512312578E-16,140.343145750508,0.));
#3623=CARTESIAN_POINT('',(4.27435864480685E-14,-0.343145750507627,1.));
#3624=CARTESIAN_POINT('',(1.08246744900953E-14,106.,1.));
#3625=CARTESIAN_POINT('',(4.27435864480685E-14,-0.343145750507627,0.));
#3626=CARTESIAN_POINT('Origin',(0.,125.979071173042,18.2428154023294));
#3627=CARTESIAN_POINT('',(2.81,117.126231026959,18.2428154023294));
#3628=CARTESIAN_POINT('',(0.,117.126231026959,18.2428154023294));
#3629=CARTESIAN_POINT('Origin',(2.81,125.979071173042,18.2428154023294));
#3630=CARTESIAN_POINT('Origin',(4.00000000000004,-0.343145750507627,2.));
#3631=CARTESIAN_POINT('',(1.17157287525386,-3.17157287525381,2.));
#3632=CARTESIAN_POINT('Origin',(1.8786796564404,-2.46446609406727,2.));
#3633=CARTESIAN_POINT('Origin',(4.00000000000004,-0.343145750507627,2.));
#3634=CARTESIAN_POINT('Origin',(-5.04289321881342,4.45710678118655,2.));
#3635=CARTESIAN_POINT('',(12.9705627484772,-14.9705627484771,2.));
#3636=CARTESIAN_POINT('Origin',(13.6776695296637,-14.2634559672906,2.));
#3637=CARTESIAN_POINT('',(-5.74999999999996,3.75000000000001,2.));
#3638=CARTESIAN_POINT('Origin',(15.7989898732234,-12.1421356237309,2.));
#3639=CARTESIAN_POINT('',(15.7989898732234,-16.1421356237309,2.));
#3640=CARTESIAN_POINT('Origin',(15.7989898732234,-15.1421356237309,2.));
#3641=CARTESIAN_POINT('Origin',(15.7989898732234,-12.1421356237309,2.));
#3642=CARTESIAN_POINT('Origin',(31.5710678118655,-15.1421356237309,2.));
#3643=CARTESIAN_POINT('',(80.2010101267767,-16.1421356237309,2.));
#3644=CARTESIAN_POINT('Origin',(80.2010101267767,-15.1421356237309,2.));
#3645=CARTESIAN_POINT('',(31.5710678118655,-16.1421356237309,2.));
#3646=CARTESIAN_POINT('Origin',(80.2010101267767,-12.1421356237309,2.));
#3647=CARTESIAN_POINT('',(83.0294372515229,-14.9705627484771,2.));
#3648=CARTESIAN_POINT('Origin',(82.3223304703363,-14.2634559672906,2.));
#3649=CARTESIAN_POINT('Origin',(80.2010101267767,-12.1421356237309,2.));
#3650=CARTESIAN_POINT('Origin',(94.471825406948,-2.11396103067892,2.));
#3651=CARTESIAN_POINT('',(96.8284271247462,-1.17157287525381,2.));
#3652=CARTESIAN_POINT('',(95.1789321881346,-2.82106781186546,2.));
#3653=CARTESIAN_POINT('Origin',(96.1213203435596,-0.464466094067273,2.));
#3654=CARTESIAN_POINT('Origin',(94.,1.65685424949238,2.));
#3655=CARTESIAN_POINT('',(97.9768714089294,1.22732683844649,2.));
#3656=CARTESIAN_POINT('Origin',(94.,1.65685424949238,2.));
#3657=CARTESIAN_POINT('Origin',(96.9826535566971,1.33470869120797,2.));
#3658=CARTESIAN_POINT('Origin',(94.,1.65685424949238,2.));
#3659=CARTESIAN_POINT('Origin',(94.,1.65685424949238,2.));
#3660=CARTESIAN_POINT('Origin',(97.,1.65685424949238,2.));
#3661=CARTESIAN_POINT('Origin',(97.,35.,2.));
#3662=CARTESIAN_POINT('Origin',(94.,1.65685424949238,0.));
#3663=CARTESIAN_POINT('',(96.8284271247462,-1.17157287525381,1.));
#3664=CARTESIAN_POINT('',(96.8284271247462,-1.17157287525381,0.));
#3665=CARTESIAN_POINT('Origin',(94.,1.65685424949238,1.));
#3666=CARTESIAN_POINT('Origin',(81.8578643762691,-16.1421356237309,0.));
#3667=CARTESIAN_POINT('',(83.0294372515229,-14.9705627484771,1.));
#3668=CARTESIAN_POINT('',(83.0294372515229,-14.9705627484771,0.));
#3669=CARTESIAN_POINT('',(95.1789321881346,-2.82106781186546,1.));
#3670=CARTESIAN_POINT('Origin',(80.2010101267767,-12.1421356237309,0.));
#3671=CARTESIAN_POINT('',(80.2010101267767,-16.1421356237309,1.));
#3672=CARTESIAN_POINT('',(80.2010101267767,-16.1421356237309,0.));
#3673=CARTESIAN_POINT('Origin',(80.2010101267767,-12.1421356237309,1.));
#3674=CARTESIAN_POINT('Origin',(14.142135623731,-16.1421356237309,0.));
#3675=CARTESIAN_POINT('',(15.7989898732234,-16.1421356237309,1.));
#3676=CARTESIAN_POINT('',(15.7989898732234,-16.1421356237309,0.));
#3677=CARTESIAN_POINT('',(31.5710678118655,-16.1421356237309,1.));
#3678=CARTESIAN_POINT('Origin',(15.7989898732234,-12.1421356237309,0.));
#3679=CARTESIAN_POINT('',(12.9705627484772,-14.9705627484771,1.));
#3680=CARTESIAN_POINT('',(12.9705627484772,-14.9705627484771,0.));
#3681=CARTESIAN_POINT('Origin',(15.7989898732234,-12.1421356237309,1.));
#3682=CARTESIAN_POINT('Origin',(4.31626098635784E-14,-2.,0.));
#3683=CARTESIAN_POINT('',(1.17157287525386,-3.17157287525381,1.));
#3684=CARTESIAN_POINT('',(1.17157287525386,-3.17157287525381,0.));
#3685=CARTESIAN_POINT('',(-5.74999999999996,3.75000000000001,1.));
#3686=CARTESIAN_POINT('Origin',(4.00000000000004,-0.343145750507627,0.));
#3687=CARTESIAN_POINT('Origin',(4.00000000000004,-0.343145750507627,1.));
#3688=CARTESIAN_POINT('Origin',(2.02817459305202,142.613961030679,1.));
#3689=CARTESIAN_POINT('',(1.87867965644033,142.464466094067,0.));
#3690=CARTESIAN_POINT('',(1.1715728752538,143.171572875254,1.));
#3691=CARTESIAN_POINT('Origin',(1.87867965644033,142.464466094067,1.));
#3692=CARTESIAN_POINT('',(12.9705627484772,154.970562748477,1.));
#3693=CARTESIAN_POINT('',(1.32106781186548,143.321067811866,1.));
#3694=CARTESIAN_POINT('',(13.6776695296637,154.263455967291,0.));
#3695=CARTESIAN_POINT('Origin',(13.6776695296637,154.263455967291,1.));
#3696=CARTESIAN_POINT('',(2.02817459305202,142.613961030679,0.));
#3697=CARTESIAN_POINT('Origin',(15.7989898732233,152.142135623731,1.));
#3698=CARTESIAN_POINT('',(15.7989898732233,156.142135623731,1.));
#3699=CARTESIAN_POINT('',(15.7989898732233,155.142135623731,0.));
#3700=CARTESIAN_POINT('Origin',(15.7989898732233,155.142135623731,1.));
#3701=CARTESIAN_POINT('Origin',(15.7989898732233,152.142135623731,0.));
#3702=CARTESIAN_POINT('Origin',(15.7989898732233,152.142135623731,1.));
#3703=CARTESIAN_POINT('Origin',(66.4289321881345,155.142135623731,1.));
#3704=CARTESIAN_POINT('',(82.2010101267767,156.142135623731,1.));
#3705=CARTESIAN_POINT('',(82.2010101267767,155.142135623731,0.));
#3706=CARTESIAN_POINT('Origin',(82.2010101267767,155.142135623731,1.));
#3707=CARTESIAN_POINT('',(66.4289321881345,155.142135623731,0.));
#3708=CARTESIAN_POINT('',(66.4289321881345,156.142135623731,1.));
#3709=CARTESIAN_POINT('Origin',(82.2010101267767,152.142135623731,1.));
#3710=CARTESIAN_POINT('',(85.0294372515229,154.970562748477,1.));
#3711=CARTESIAN_POINT('',(84.3223304703363,154.263455967291,0.));
#3712=CARTESIAN_POINT('Origin',(84.3223304703363,154.263455967291,1.));
#3713=CARTESIAN_POINT('Origin',(82.2010101267767,152.142135623731,0.));
#3714=CARTESIAN_POINT('Origin',(82.2010101267767,152.142135623731,1.));
#3715=CARTESIAN_POINT('Origin',(103.042893218813,135.542893218814,1.));
#3716=CARTESIAN_POINT('',(96.8284271247462,143.171572875254,1.));
#3717=CARTESIAN_POINT('',(96.1213203435597,142.464466094067,0.));
#3718=CARTESIAN_POINT('Origin',(96.1213203435597,142.464466094067,1.));
#3719=CARTESIAN_POINT('',(103.042893218813,135.542893218814,0.));
#3720=CARTESIAN_POINT('',(103.75,136.25,1.));
#3721=CARTESIAN_POINT('Origin',(94.,140.343145750508,1.));
#3722=CARTESIAN_POINT('',(97.,140.343145750508,0.));
#3723=CARTESIAN_POINT('Origin',(97.,140.343145750508,1.));
#3724=CARTESIAN_POINT('Origin',(94.,140.343145750508,0.));
#3725=CARTESIAN_POINT('Origin',(94.,140.343145750508,1.));
#3726=CARTESIAN_POINT('Origin',(97.,35.,1.));
#3727=CARTESIAN_POINT('',(97.,1.65685424949238,0.));
#3728=CARTESIAN_POINT('Origin',(97.,1.65685424949238,1.));
#3729=CARTESIAN_POINT('',(97.,35.,0.));
#3730=CARTESIAN_POINT('Origin',(94.,1.65685424949238,1.));
#3731=CARTESIAN_POINT('',(96.1213203435596,-0.464466094067264,0.));
#3732=CARTESIAN_POINT('Origin',(96.1213203435596,-0.464466094067264,1.));
#3733=CARTESIAN_POINT('Origin',(94.,1.65685424949238,0.));
#3734=CARTESIAN_POINT('Origin',(94.471825406948,-2.11396103067892,1.));
#3735=CARTESIAN_POINT('',(82.3223304703363,-14.2634559672906,0.));
#3736=CARTESIAN_POINT('Origin',(82.3223304703363,-14.2634559672906,1.));
#3737=CARTESIAN_POINT('',(94.471825406948,-2.11396103067892,0.));
#3738=CARTESIAN_POINT('Origin',(80.2010101267767,-12.1421356237309,1.));
#3739=CARTESIAN_POINT('',(80.2010101267767,-15.1421356237309,0.));
#3740=CARTESIAN_POINT('Origin',(80.2010101267767,-15.1421356237309,1.));
#3741=CARTESIAN_POINT('Origin',(80.2010101267767,-12.1421356237309,0.));
#3742=CARTESIAN_POINT('Origin',(31.5710678118655,-15.1421356237309,1.));
#3743=CARTESIAN_POINT('',(15.7989898732234,-15.1421356237309,0.));
#3744=CARTESIAN_POINT('Origin',(15.7989898732234,-15.1421356237309,1.));
#3745=CARTESIAN_POINT('',(31.5710678118655,-15.1421356237309,0.));
#3746=CARTESIAN_POINT('Origin',(15.7989898732234,-12.1421356237309,1.));
#3747=CARTESIAN_POINT('',(13.6776695296637,-14.2634559672906,0.));
#3748=CARTESIAN_POINT('Origin',(13.6776695296637,-14.2634559672906,1.));
#3749=CARTESIAN_POINT('Origin',(15.7989898732234,-12.1421356237309,0.));
#3750=CARTESIAN_POINT('Origin',(-5.04289321881342,4.45710678118655,1.));
#3751=CARTESIAN_POINT('',(1.8786796564404,-2.46446609406727,0.));
#3752=CARTESIAN_POINT('Origin',(1.8786796564404,-2.46446609406727,1.));
#3753=CARTESIAN_POINT('',(-5.04289321881342,4.45710678118655,0.));
#3754=CARTESIAN_POINT('Origin',(4.00000000000004,-0.343145750507627,1.));
#3755=CARTESIAN_POINT('',(1.00000000000004,-0.343145750507627,0.));
#3756=CARTESIAN_POINT('Origin',(1.00000000000004,-0.343145750507627,1.));
#3757=CARTESIAN_POINT('Origin',(4.00000000000004,-0.343145750507627,0.));
#3758=CARTESIAN_POINT('Origin',(1.00000000000001,106.,1.));
#3759=CARTESIAN_POINT('',(0.999999999999995,140.343145750508,0.));
#3760=CARTESIAN_POINT('Origin',(0.999999999999995,140.343145750508,1.));
#3761=CARTESIAN_POINT('',(1.00000000000001,106.,0.));
#3762=CARTESIAN_POINT('Origin',(4.,140.343145750508,1.));
#3763=CARTESIAN_POINT('Origin',(4.,140.343145750508,1.));
#3764=CARTESIAN_POINT('Origin',(4.,140.343145750508,0.));
#3765=CARTESIAN_POINT('Origin',(94.,140.343145750508,0.));
#3766=CARTESIAN_POINT('',(96.8284271247462,143.171572875254,0.));
#3767=CARTESIAN_POINT('Origin',(94.,140.343145750508,30.));
#3768=CARTESIAN_POINT('Origin',(98.,142.,0.));
#3769=CARTESIAN_POINT('',(85.0294372515229,154.970562748477,0.));
#3770=CARTESIAN_POINT('Origin',(82.2010101267767,152.142135623731,0.));
#3771=CARTESIAN_POINT('',(82.2010101267767,156.142135623731,2.));
#3772=CARTESIAN_POINT('',(82.2010101267767,156.142135623731,0.));
#3773=CARTESIAN_POINT('Origin',(82.2010101267767,152.142135623731,2.));
#3774=CARTESIAN_POINT('Origin',(83.857864376269,156.142135623731,0.));
#3775=CARTESIAN_POINT('',(15.7989898732233,156.142135623731,2.));
#3776=CARTESIAN_POINT('',(15.7989898732233,156.142135623731,0.));
#3777=CARTESIAN_POINT('',(66.4289321881345,156.142135623731,2.));
#3778=CARTESIAN_POINT('Origin',(15.7989898732233,152.142135623731,0.));
#3779=CARTESIAN_POINT('',(12.9705627484772,154.970562748477,0.));
#3780=CARTESIAN_POINT('Origin',(15.7989898732233,152.142135623731,2.));
#3781=CARTESIAN_POINT('Origin',(14.1421356237309,156.142135623731,0.));
#3782=CARTESIAN_POINT('',(1.1715728752538,143.171572875254,0.));
#3783=CARTESIAN_POINT('Origin',(49.,70.,0.));
#3784=CARTESIAN_POINT('Origin',(96.9272072859509,141.,30.));
#3785=CARTESIAN_POINT('',(96.9272072859509,141.,31.));
#3786=CARTESIAN_POINT('Origin',(96.9272072859509,141.,30.));
#3787=CARTESIAN_POINT('Origin',(96.9272072859509,141.,30.));
#3788=CARTESIAN_POINT('Origin',(73.5,141.,30.));
#3789=CARTESIAN_POINT('',(4.,142.,30.));
#3790=CARTESIAN_POINT('',(4.,141.,31.));
#3791=CARTESIAN_POINT('Origin',(4.,141.,30.));
#3792=CARTESIAN_POINT('',(73.5,141.,31.));
#3793=CARTESIAN_POINT('',(73.5,142.,30.));
#3794=CARTESIAN_POINT('Origin',(4.,138.,30.));
#3795=CARTESIAN_POINT('',(1.,138.,31.));
#3796=CARTESIAN_POINT('Origin',(1.,138.,30.));
#3797=CARTESIAN_POINT('Origin',(4.,138.,31.));
#3798=CARTESIAN_POINT('Origin',(4.,138.,30.));
#3799=CARTESIAN_POINT('Origin',(1.00000000000001,106.,30.));
#3800=CARTESIAN_POINT('',(1.00000000000004,4.,31.));
#3801=CARTESIAN_POINT('Origin',(1.00000000000004,4.,30.));
#3802=CARTESIAN_POINT('',(1.00000000000001,106.,31.));
#3803=CARTESIAN_POINT('Origin',(4.00000000000004,4.,30.));
#3804=CARTESIAN_POINT('',(4.00000000000004,1.,31.));
#3805=CARTESIAN_POINT('Origin',(4.00000000000004,1.,30.));
#3806=CARTESIAN_POINT('Origin',(4.00000000000004,4.,31.));
#3807=CARTESIAN_POINT('Origin',(24.5,1.,30.));
#3808=CARTESIAN_POINT('',(94.,1.,31.));
#3809=CARTESIAN_POINT('Origin',(94.,1.,30.));
#3810=CARTESIAN_POINT('',(24.5,1.,31.));
#3811=CARTESIAN_POINT('Origin',(94.,4.,30.));
#3812=CARTESIAN_POINT('',(97.,4.,31.));
#3813=CARTESIAN_POINT('Origin',(97.,4.,30.));
#3814=CARTESIAN_POINT('Origin',(94.,4.,31.));
#3815=CARTESIAN_POINT('Origin',(94.,4.,30.));
#3816=CARTESIAN_POINT('Origin',(97.,35.,30.));
#3817=CARTESIAN_POINT('',(97.,140.343145750508,31.));
#3818=CARTESIAN_POINT('Origin',(97.,140.343145750508,30.));
#3819=CARTESIAN_POINT('',(97.,35.,31.));
#3820=CARTESIAN_POINT('Origin',(94.,140.343145750508,30.));
#3821=CARTESIAN_POINT('Origin',(94.,140.343145750508,31.));
#3822=CARTESIAN_POINT('Origin',(82.2010101267767,152.142135623731,2.));
#3823=CARTESIAN_POINT('Origin',(82.2010101267767,155.142135623731,2.));
#3824=CARTESIAN_POINT('Origin',(66.4289321881345,155.142135623731,2.));
#3825=CARTESIAN_POINT('Origin',(15.7989898732233,155.142135623731,2.));
#3826=CARTESIAN_POINT('Origin',(15.7989898732233,152.142135623731,2.));
#3827=CARTESIAN_POINT('Origin',(4.,140.343145750508,2.));
#3828=CARTESIAN_POINT('Origin',(4.,140.343145750508,2.));
#3829=CARTESIAN_POINT('Origin',(1.,140.343145750508,2.));
#3830=CARTESIAN_POINT('Origin',(1.00000000000001,106.,2.));
#3831=CARTESIAN_POINT('Origin',(4.,140.343145750508,0.));
#3832=CARTESIAN_POINT('Origin',(49.,70.,31.));
#3833=CARTESIAN_POINT('',(2.81,139.19,31.));
#3834=CARTESIAN_POINT('',(95.19,139.19,31.));
#3835=CARTESIAN_POINT('',(73.5,139.19,31.));
#3836=CARTESIAN_POINT('',(95.19,2.81,31.));
#3837=CARTESIAN_POINT('',(95.19,35.,31.));
#3838=CARTESIAN_POINT('',(2.81000000000004,2.81000000000001,31.));
#3839=CARTESIAN_POINT('',(24.5,2.81,31.));
#3840=CARTESIAN_POINT('',(2.81000000000001,106.,31.));
#3841=CARTESIAN_POINT('Origin',(94.,4.,1.5));
#3842=CARTESIAN_POINT('Origin',(4.,138.,1.5));
#3843=CARTESIAN_POINT('',(4.,142.,1.5));
#3844=CARTESIAN_POINT('Origin',(2.81,142.,0.));
#3845=CARTESIAN_POINT('',(2.81000000000004,2.81000000000001,2.81));
#3846=CARTESIAN_POINT('',(2.81000000000004,2.81000000000001,1.5));
#3847=CARTESIAN_POINT('',(2.81,139.19,2.81));
#3848=CARTESIAN_POINT('',(2.81000000000001,106.,2.81));
#3849=CARTESIAN_POINT('',(2.81,139.19,1.5));
#3850=CARTESIAN_POINT('Origin',(0.,2.81,3.));
#3851=CARTESIAN_POINT('',(95.19,2.81,2.81));
#3852=CARTESIAN_POINT('',(95.19,2.81,1.5));
#3853=CARTESIAN_POINT('',(24.5,2.81,2.81));
#3854=CARTESIAN_POINT('Origin',(49.,70.,2.81));
#3855=CARTESIAN_POINT('',(95.19,139.19,2.81));
#3856=CARTESIAN_POINT('',(73.5,139.19,2.81));
#3857=CARTESIAN_POINT('',(95.19,35.,2.81));
#3858=CARTESIAN_POINT('Origin',(98.,14.,26.));
#3859=CARTESIAN_POINT('',(95.19,14.,26.));
#3860=CARTESIAN_POINT('',(98.,14.,26.));
#3861=CARTESIAN_POINT('',(95.19,7.,26.));
#3862=CARTESIAN_POINT('Origin',(98.,14.,9.));
#3863=CARTESIAN_POINT('',(95.19,14.,4.5));
#3864=CARTESIAN_POINT('Origin',(98.,142.,3.));
#3865=CARTESIAN_POINT('Origin',(98.,139.19,3.));
#3866=CARTESIAN_POINT('',(95.19,139.19,1.5));
#3867=CARTESIAN_POINT('Origin',(95.19,0.,0.));
#3868=CARTESIAN_POINT('Origin',(3.57162457,126.077597962143,18.2428154023294));
#3869=CARTESIAN_POINT('',(3.57162457,121.123597962143,18.2428154023294));
#3870=CARTESIAN_POINT('Origin',(3.57162457,126.077597962143,18.2428154023294));
#3871=CARTESIAN_POINT('Origin',(-4.,126.077597962143,18.2428154023294));
#3872=CARTESIAN_POINT('',(-5.,126.077597962143,14.4093493910793));
#3873=CARTESIAN_POINT('Origin',(-5.,126.077597962143,18.2428154023294));
#3874=CARTESIAN_POINT('',(-2.50000208333478,126.077597962143,13.2888154023294));
#3875=CARTESIAN_POINT('Origin',(-4.,126.077597962143,13.2913154023294));
#3876=CARTESIAN_POINT('',(-2.50000208333478,121.123597962143,18.2428154023294));
#3877=CARTESIAN_POINT('Origin',(-2.50000208333478,126.077597962143,18.2428154023294));
#3878=CARTESIAN_POINT('Origin',(-2.50000208333478,126.077597962143,18.2428154023294));
#3879=CARTESIAN_POINT('Origin',(-5.,126.077597962143,18.2428154023294));
#3880=CARTESIAN_POINT('Origin',(-15.18594,126.077597962143,18.2428154023294));
#3881=CARTESIAN_POINT('',(-15.18594,121.123597962143,18.2428154023294));
#3882=CARTESIAN_POINT('Origin',(99.,125.,27.));
#3883=CARTESIAN_POINT('',(99.,125.,27.));
#3884=CARTESIAN_POINT('',(99.,15.,27.));
#3885=CARTESIAN_POINT('',(99.,125.,27.));
#3886=CARTESIAN_POINT('',(107.,15.,27.));
#3887=CARTESIAN_POINT('',(99.,15.,27.));
#3888=CARTESIAN_POINT('',(107.,125.,27.));
#3889=CARTESIAN_POINT('',(107.,125.,27.));
#3890=CARTESIAN_POINT('',(99.,125.,27.));
#3891=CARTESIAN_POINT('Origin',(107.,70.,19.5));
#3892=CARTESIAN_POINT('',(107.,15.,12.));
#3893=CARTESIAN_POINT('',(107.,15.,27.));
#3894=CARTESIAN_POINT('',(107.,125.,12.));
#3895=CARTESIAN_POINT('',(107.,15.,12.));
#3896=CARTESIAN_POINT('',(107.,125.,12.));
#3897=CARTESIAN_POINT('Origin',(99.,70.,19.5));
#3898=CARTESIAN_POINT('',(99.,125.,20.));
#3899=CARTESIAN_POINT('',(99.,15.,20.));
#3900=CARTESIAN_POINT('',(99.,15.,20.));
#3901=CARTESIAN_POINT('',(99.,15.,27.));
#3902=CARTESIAN_POINT('',(99.,125.,12.));
#3903=CARTESIAN_POINT('Origin',(91.,15.,20.));
#3904=CARTESIAN_POINT('',(91.,15.,12.));
#3905=CARTESIAN_POINT('',(91.,15.,20.));
#3906=CARTESIAN_POINT('',(91.,15.,12.));
#3907=CARTESIAN_POINT('',(91.,15.,12.));
#3908=CARTESIAN_POINT('',(91.,15.,20.));
#3909=CARTESIAN_POINT('Origin',(91.,125.,20.));
#3910=CARTESIAN_POINT('',(91.,125.,20.));
#3911=CARTESIAN_POINT('',(91.,15.,20.));
#3912=CARTESIAN_POINT('',(91.,125.,20.));
#3913=CARTESIAN_POINT('Origin',(91.,125.,12.));
#3914=CARTESIAN_POINT('',(91.,125.,12.));
#3915=CARTESIAN_POINT('',(91.,125.,20.));
#3916=CARTESIAN_POINT('',(91.,125.,12.));
#3917=CARTESIAN_POINT('Origin',(91.,15.,12.));
#3918=CARTESIAN_POINT('',(91.,125.,12.));
#3919=CARTESIAN_POINT('Origin',(91.,70.,16.));
#3920=CARTESIAN_POINT('Origin',(94.,4.,-0.499999999999997));
#3921=CARTESIAN_POINT('',(98.,4.,35.));
#3922=CARTESIAN_POINT('',(94.,0.,35.));
#3923=CARTESIAN_POINT('Origin',(94.,4.,35.));
#3924=CARTESIAN_POINT('',(94.,0.,29.));
#3925=CARTESIAN_POINT('',(94.,0.,-0.499999999999997));
#3926=CARTESIAN_POINT('',(98.,4.,29.));
#3927=CARTESIAN_POINT('Origin',(94.,4.,29.));
#3928=CARTESIAN_POINT('',(98.,4.,-0.499999999999997));
#3929=CARTESIAN_POINT('Origin',(49.,70.,29.));
#3930=CARTESIAN_POINT('',(4.00000000000004,0.,29.));
#3931=CARTESIAN_POINT('',(24.5,0.,29.));
#3932=CARTESIAN_POINT('',(3.9455299517036E-14,4.,29.));
#3933=CARTESIAN_POINT('Origin',(4.00000000000004,4.,29.));
#3934=CARTESIAN_POINT('',(-7.09906883793956E-16,138.,29.));
#3935=CARTESIAN_POINT('',(8.88178419700125E-15,106.,29.));
#3936=CARTESIAN_POINT('',(4.,142.,29.));
#3937=CARTESIAN_POINT('Origin',(4.,138.,29.));
#3938=CARTESIAN_POINT('',(94.,142.,29.));
#3939=CARTESIAN_POINT('',(73.5,142.,29.));
#3940=CARTESIAN_POINT('',(98.,138.,29.));
#3941=CARTESIAN_POINT('Origin',(94.,138.,29.));
#3942=CARTESIAN_POINT('',(98.,35.,29.));
#3943=CARTESIAN_POINT('',(2.81,139.19,29.));
#3944=CARTESIAN_POINT('',(95.19,139.19,29.));
#3945=CARTESIAN_POINT('',(73.5,139.19,29.));
#3946=CARTESIAN_POINT('',(2.81000000000004,2.81000000000001,29.));
#3947=CARTESIAN_POINT('',(2.81000000000001,106.,29.));
#3948=CARTESIAN_POINT('',(95.19,2.81,29.));
#3949=CARTESIAN_POINT('',(24.5,2.81,29.));
#3950=CARTESIAN_POINT('',(95.19,35.,29.));
#3951=CARTESIAN_POINT('Origin',(0.,0.,1.));
#3952=CARTESIAN_POINT('',(4.00000000000004,0.,35.));
#3953=CARTESIAN_POINT('',(98.,0.,35.));
#3954=CARTESIAN_POINT('',(4.00000000000004,0.,-0.499999999999997));
#3955=CARTESIAN_POINT('Origin',(4.00000000000004,4.,-0.499999999999997));
#3956=CARTESIAN_POINT('',(0.,4.,35.));
#3957=CARTESIAN_POINT('Origin',(4.00000000000004,4.,35.));
#3958=CARTESIAN_POINT('',(4.16333634234434E-14,4.,-0.499999999999997));
#3959=CARTESIAN_POINT('Origin',(4.,138.,-0.499999999999997));
#3960=CARTESIAN_POINT('',(0.,138.,35.));
#3961=CARTESIAN_POINT('',(4.,142.,35.));
#3962=CARTESIAN_POINT('Origin',(4.,138.,35.));
#3963=CARTESIAN_POINT('',(4.,142.,-0.499999999999997));
#3964=CARTESIAN_POINT('',(1.11022302462516E-15,138.,-0.499999999999997));
#3965=CARTESIAN_POINT('Origin',(98.,142.,1.));
#3966=CARTESIAN_POINT('',(94.,142.,35.));
#3967=CARTESIAN_POINT('',(0.,142.,35.));
#3968=CARTESIAN_POINT('',(94.,142.,-0.499999999999997));
#3969=CARTESIAN_POINT('Origin',(94.,138.,-0.499999999999997));
#3970=CARTESIAN_POINT('',(98.,138.,35.));
#3971=CARTESIAN_POINT('Origin',(94.,138.,35.));
#3972=CARTESIAN_POINT('',(98.,138.,-0.499999999999997));
#3973=CARTESIAN_POINT('Origin',(0.,2.81,1.));
#3974=CARTESIAN_POINT('',(2.81000000000004,2.81,32.19));
#3975=CARTESIAN_POINT('',(2.81000000000004,2.81000000000001,-0.499999999999997));
#3976=CARTESIAN_POINT('',(95.19,2.81,32.19));
#3977=CARTESIAN_POINT('',(24.5,2.81,32.19));
#3978=CARTESIAN_POINT('',(95.19,2.81,-0.499999999999997));
#3979=CARTESIAN_POINT('Origin',(2.81,142.,-2.));
#3980=CARTESIAN_POINT('',(2.81,139.19,32.19));
#3981=CARTESIAN_POINT('',(2.81,139.19,-0.499999999999997));
#3982=CARTESIAN_POINT('',(2.81000000000001,106.5,32.19));
#3983=CARTESIAN_POINT('Origin',(98.,0.,-2.));
#3984=CARTESIAN_POINT('',(98.,142.,35.));
#3985=CARTESIAN_POINT('Origin',(98.,139.19,1.));
#3986=CARTESIAN_POINT('',(95.19,139.19,32.19));
#3987=CARTESIAN_POINT('',(95.19,139.19,-0.499999999999997));
#3988=CARTESIAN_POINT('',(73.5,139.19,32.19));
#3989=CARTESIAN_POINT('Origin',(49.,71.,32.19));
#3990=CARTESIAN_POINT('',(95.19,35.5,32.19));
#3991=CARTESIAN_POINT('Origin',(95.19,0.,-2.));
#3992=CARTESIAN_POINT('Origin',(49.,71.,35.));
#3993=CARTESIAN_POINT('',(0.,0.,35.));
#3994=CARTESIAN_POINT('Origin',(0.,142.,-2.));
#3995=UNCERTAINTY_MEASURE_WITH_UNIT(LENGTH_MEASURE(0.01),#3999,
'DISTANCE_ACCURACY_VALUE',
'Maximum model space distance between geometric entities at asserted c
onnectivities');
#3996=UNCERTAINTY_MEASURE_WITH_UNIT(LENGTH_MEASURE(0.01),#3999,
'DISTANCE_ACCURACY_VALUE',
'Maximum model space distance between geometric entities at asserted c
onnectivities');
#3997=(
GEOMETRIC_REPRESENTATION_CONTEXT(3)
GLOBAL_UNCERTAINTY_ASSIGNED_CONTEXT((#3995))
GLOBAL_UNIT_ASSIGNED_CONTEXT((#3999,#4001,#4002))
REPRESENTATION_CONTEXT('','3D')
);
#3998=(
GEOMETRIC_REPRESENTATION_CONTEXT(3)
GLOBAL_UNCERTAINTY_ASSIGNED_CONTEXT((#3996))
GLOBAL_UNIT_ASSIGNED_CONTEXT((#3999,#4001,#4002))
REPRESENTATION_CONTEXT('','3D')
);
#3999=(
LENGTH_UNIT()
NAMED_UNIT(*)
SI_UNIT(.MILLI.,.METRE.)
);
#4000=(
LENGTH_UNIT()
NAMED_UNIT(*)
SI_UNIT($,.METRE.)
);
#4001=(
NAMED_UNIT(*)
PLANE_ANGLE_UNIT()
SI_UNIT($,.RADIAN.)
);
#4002=(
NAMED_UNIT(*)
SI_UNIT($,.STERADIAN.)
SOLID_ANGLE_UNIT()
);
#4003=SHAPE_DEFINITION_REPRESENTATION(#4004,#4005);
#4004=PRODUCT_DEFINITION_SHAPE('',$,#4007);
#4005=SHAPE_REPRESENTATION('',(#2101),#3997);
#4006=PRODUCT_DEFINITION_CONTEXT('part definition',#4011,'design');
#4007=PRODUCT_DEFINITION('RCR24SSA-6R','RCR24SSA-6R v4',#4008,#4006);
#4008=PRODUCT_DEFINITION_FORMATION('',$,#4013);
#4009=PRODUCT_RELATED_PRODUCT_CATEGORY('RCR24SSA-6R v4',
'RCR24SSA-6R v4',(#4013));
#4010=APPLICATION_PROTOCOL_DEFINITION('international standard',
'automotive_design',2009,#4011);
#4011=APPLICATION_CONTEXT(
'Core Data for Automotive Mechanical Design Process');
#4012=PRODUCT_CONTEXT('part definition',#4011,'mechanical');
#4013=PRODUCT('RCR24SSA-6R','RCR24SSA-6R v4',$,(#4012));
#4014=PRESENTATION_STYLE_ASSIGNMENT((#4015));
#4015=SURFACE_STYLE_USAGE(.BOTH.,#4016);
#4016=SURFACE_SIDE_STYLE('',(#4017));
#4017=SURFACE_STYLE_FILL_AREA(#4018);
#4018=FILL_AREA_STYLE('Steel - Satin',(#4019));
#4019=FILL_AREA_STYLE_COLOUR('Steel - Satin',#4020);
#4020=COLOUR_RGB('Steel - Satin',0.627450980392157,0.627450980392157,0.627450980392157);
ENDSEC;
END-ISO-10303-21;
